Fecha,Hora,Sesion,Direccion,Contexto HTF,Nivel de liquidez barrido,Tipo de confirmacion,Zona de entrada,Stop Loss,Take Profit,R:R,Resultado
2025-09-30,05:59:59,LONDON,BUY,"BULLISH HTF context inside 112656.27-113608.32 range. HH/HL structure with price in discount below 112992.89.","Sell-side sweep below 112731.41",BOS,"FVG: Bullish FVG between 112870.19 and 112906.15",112656.27,113800.00,3.93,"TP"
2025-10-02,09:14:59,NEW_YORK,SELL,"BEARISH HTF context inside 118710.18-119761.36 range. LH/LL structure with price in premium above 119347.30.","Buy-side sweep above 119408.00",BOS,"FVG: Bearish FVG between 119539.90 and 119588.10",119421.98,118995.92,4.00,"SL"
2025-10-02,09:19:59,NEW_YORK,SELL,"BEARISH HTF context inside 118710.18-119761.36 range. LH/LL structure with price in premium above 119347.30.","Buy-side sweep above 119408.00",BOS,"FVG: Bearish FVG between 119539.90 and 119588.10",119421.98,118995.92,4.00,"SL"
2025-10-02,09:24:59,NEW_YORK,SELL,"BEARISH HTF context inside 118710.18-119761.36 range. LH/LL structure with price in premium above 119347.30.","Buy-side sweep above 119408.00",BOS,"FVG: Bearish FVG between 119539.90 and 119588.10",119421.98,118995.92,4.00,"SL"
2025-10-02,11:44:59,NEW_YORK,SELL,"BEARISH HTF context inside 118516.39-120300.00 range. LH/LL structure with price in premium above 119660.45.","Buy-side sweep above 119910.79",BOS,"FVG: Bearish FVG between 119999.54 and 120000.01",119992.03,119968.80,4.00,"TP"
2025-10-02,11:49:59,NEW_YORK,SELL,"BEARISH HTF context inside 118516.39-120300.00 range. LH/LL structure with price in premium above 119660.45.","Buy-side sweep above 119910.79",BOS,"FVG: Bearish FVG between 119999.54 and 120000.01",119992.03,119968.80,4.00,"TP"
2025-10-02,11:54:59,NEW_YORK,SELL,"BEARISH HTF context inside 118516.39-120300.00 range. LH/LL structure with price in premium above 119660.45.","Buy-side sweep above 119910.79",BOS,"FVG: Bearish FVG between 119999.54 and 120000.01",119992.03,119968.80,4.00,"TP"
2025-10-05,05:29:59,LONDON,BUY,"BULLISH HTF context inside 122520.24-124838.37 range. HH/HL structure with price in discount below 123592.80.","Sell-side sweep below 122601.00",BOS,"FVG: Bullish FVG between 122940.00 and 122961.40",122520.24,124672.54,4.00,"SL"
2025-10-05,11:54:59,NEW_YORK,SELL,"BEARISH HTF context inside 122675.00-123286.87 range. LH/LL structure with price in premium above 122893.50.","Buy-side sweep above 123325.78",BOS,"FVG: Bearish FVG between 122906.20 and 122979.63",123326.04,122176.67,2.00,"SL"
2025-10-06,02:04:59,LONDON,SELL,"BEARISH HTF context inside 123294.93-124165.56 range. LH/LL structure with price in premium above 123811.27.","Buy-side sweep above 123839.08",BOS,"FVG: Bearish FVG between 124002.23 and 124044.23",123855.46,123352.15,4.00,"SL"
2025-10-06,02:09:59,LONDON,SELL,"BEARISH HTF context inside 123294.93-124165.56 range. LH/LL structure with price in premium above 123811.27.","Buy-side sweep above 123839.08",BOS,"FVG: Bearish FVG between 124002.23 and 124044.23",123855.46,123352.15,4.00,"SL"
2025-10-06,02:29:59,LONDON,BUY,"BULLISH HTF context inside 123294.93-124165.56 range. HH/HL structure with price in discount below 123875.78.","Sell-side sweep below 123687.62",BOS,"FVG: Bullish FVG between 123586.01 and 123619.99",123644.93,123770.72,4.00,"TP"
2025-10-06,02:34:59,LONDON,BUY,"BULLISH HTF context inside 123294.93-124165.56 range. HH/HL structure with price in discount below 123875.78.","Sell-side sweep below 123687.62",BOS,"FVG: Bullish FVG between 123586.01 and 123619.99",123644.93,123770.72,4.00,"SL"
2025-10-06,02:39:59,LONDON,BUY,"BULLISH HTF context inside 123294.93-124165.56 range. HH/HL structure with price in discount below 123875.78.","Sell-side sweep below 123687.62",BOS,"FVG: Bullish FVG between 123586.01 and 123619.99",123644.93,123770.72,4.00,"SL"
2025-10-08,03:14:59,LONDON,BUY,"BULLISH HTF context inside 121068.96-121872.37 range. HH/HL structure with price in discount below 121592.14.","Sell-side sweep below 121407.85",BOS,"FVG: Bullish FVG between 121413.98 and 121478.23",121311.91,121910.24,3.46,"TP"
2025-10-08,04:44:59,LONDON,SELL,"BEARISH HTF context inside 121311.91-122850.00 range. LH/LL structure with price in premium above 122187.01.","Buy-side sweep above 122821.25",CHOCH,"FVG: Bearish FVG between 122695.18 and 122697.75",122850.00,122082.32,4.00,"SL"
2025-10-08,09:29:59,NEW_YORK,SELL,"BEARISH HTF context inside 121649.68-123350.00 range. LH/LL structure with price in premium above 122499.84.","Buy-side sweep above 123000.00",BOS,"FVG: Bearish FVG between 122540.82 and 122631.52",123100.00,121558.51,2.00,"SL"
2025-10-10,03:14:59,LONDON,BUY,"BULLISH HTF context inside 120855.41-121754.34 range. HH/HL structure with price in discount below 121298.52.","Sell-side sweep below 121020.00",BOS,"FVG: Bullish FVG between 120969.98 and 121020.43",120985.84,121032.66,4.00,"TP"
2025-10-10,03:19:59,LONDON,BUY,"BULLISH HTF context inside 120855.41-121754.34 range. HH/HL structure with price in discount below 121298.52.","Sell-side sweep below 121020.00",BOS,"FVG: Bullish FVG between 120969.98 and 121020.43",120985.84,121032.66,4.00,"TP"
2025-10-11,06:14:59,LONDON,SELL,"BEARISH HTF context inside 111242.26-112271.34 range. LH/LL structure with price in premium above 111930.99.","Buy-side sweep above 112204.64",CHOCH,"FVG: Bearish FVG between 111894.68 and 111918.19",112271.34,110446.82,4.00,"SL"
2025-10-12,04:39:59,LONDON,BUY,"BULLISH HTF context inside 111139.87-111933.85 range. HH/HL structure with price in discount below 111469.43.","Sell-side sweep below 111500.01",BOS,"FVG: Bullish FVG between 111673.55 and 111687.72",111491.09,112125.51,2.35,"SL"
2025-10-12,05:59:59,LONDON,BUY,"BULLISH HTF context inside 111139.87-112026.63 range. HH/HL structure with price in discount below 111683.65.","Sell-side sweep below 111500.01",BOS,"FVG: Bullish FVG between 111582.57 and 111620.35",111491.09,112026.63,3.85,"SL"
2025-10-12,06:09:59,LONDON,BUY,"BULLISH HTF context inside 111139.87-112026.63 range. HH/HL structure with price in discount below 111683.65.","Sell-side sweep below 111500.01",BOS,"FVG: Bullish FVG between 111582.57 and 111620.35",111491.09,112026.63,3.85,"TP"
2025-10-13,02:04:59,LONDON,SELL,"BEARISH HTF context inside 114398.24-115379.84 range. LH/LL structure with price in premium above 114898.80.","Buy-side sweep above 114834.70",BOS,"FVG: Bearish FVG between 115164.00 and 115267.32",114840.00,114398.24,2.18,"SL"
2025-10-13,02:09:59,LONDON,SELL,"BEARISH HTF context inside 114398.24-115379.84 range. LH/LL structure with price in premium above 114898.80.","Buy-side sweep above 114834.70",BOS,"FVG: Bearish FVG between 115164.00 and 115267.32",114840.00,114398.24,2.18,"SL"
2025-10-13,02:59:59,LONDON,SELL,"BEARISH HTF context inside 114417.77-115554.83 range. LH/LL structure with price in premium above 115232.98.","Buy-side sweep above 115552.01",BOS,"FVG: Bearish FVG between 115429.93 and 115434.61",115554.83,114942.03,4.00,"TP"
2025-10-13,06:59:59,LONDON,BUY,"BULLISH HTF context inside 113616.50-115199.58 range. HH/HL structure with price in discount below 114293.68.","Sell-side sweep below 114431.53",BOS,"FVG: Bullish FVG between 114154.01 and 114206.23",114158.78,114265.48,4.00,"SL"
2025-10-14,04:04:59,LONDON,SELL,"BEARISH HTF context inside 111355.01-112435.61 range. LH/LL structure with price in premium above 111792.86.","Buy-side sweep above 112090.75",BOS,"FVG: Bearish FVG between 112000.01 and 112067.09",112140.00,111607.75,4.00,"TP"
2025-10-14,06:59:59,LONDON,SELL,"BEARISH HTF context inside 110012.24-111900.00 range. LH/LL structure with price in premium above 110821.26.","Buy-side sweep above 111617.68",BOS,"FVG: Bearish FVG between 111475.33 and 111503.97",111630.28,110927.13,4.00,"TP"
2025-10-14,11:44:59,NEW_YORK,SELL,"BEARISH HTF context inside 111062.15-113187.62 range. LH/LL structure with price in premium above 112124.88.","Buy-side sweep above 112943.82",CHOCH,"FVG: Bearish FVG between 112688.99 and 112704.80",113187.62,110734.00,4.00,"SL"
2025-10-15,02:44:59,LONDON,SELL,"BEARISH HTF context inside 111896.07-112680.00 range. LH/LL structure with price in premium above 112288.04.","Buy-side sweep above 112599.84",CHOCH,"FVG: Bearish FVG between 112338.16 and 112387.20",112680.00,111728.04,2.00,"SL"
2025-10-15,06:14:59,LONDON,BUY,"BULLISH HTF context inside 112072.86-113225.88 range. HH/HL structure with price in discount below 112391.54.","Sell-side sweep below 112282.33",BOS,"FVG: Bullish FVG between 112227.39 and 112242.21",112072.86,112882.56,4.00,"SL"
2025-10-15,06:24:59,LONDON,BUY,"BULLISH HTF context inside 112072.86-113225.88 range. HH/HL structure with price in discount below 112391.54.","Sell-side sweep below 112282.33",BOS,"FVG: Bullish FVG between 112227.39 and 112242.21",112072.86,112882.56,4.00,"SL"
2025-10-15,09:04:59,NEW_YORK,SELL,"BEARISH HTF context inside 110725.40-112100.00 range. LH/LL structure with price in premium above 111368.57.","Buy-side sweep above 111811.84",CHOCH,"FVG: Bearish FVG between 111625.90 and 111832.27",112011.75,110725.40,3.55,"SL"
2025-10-16,03:44:59,LONDON,BUY,"BULLISH HTF context inside 110405.00-111773.70 range. HH/HL structure with price in discount below 110903.79.","Sell-side sweep below 110495.27",BOS,"FVG: Bullish FVG between 110574.48 and 110614.95",110405.00,111353.57,4.00,"SL"
2025-10-16,05:44:59,LONDON,SELL,"BEARISH HTF context inside 109635.15-111728.70 range. LH/LL structure with price in premium above 110681.92.","Buy-side sweep above 111633.14",BOS,"FVG: Bearish FVG between 111411.81 and 111433.42",111728.70,110198.27,4.00,"SL"
2025-10-17,03:44:59,LONDON,BUY,"BULLISH HTF context inside 104505.00-108341.10 range. HH/HL structure with price in discount below 105537.73.","Sell-side sweep below 105116.00",BOS,"FVG: Bullish FVG between 105012.73 and 105065.81",105050.00,105082.19,4.00,"TP"
2025-10-17,03:49:59,LONDON,BUY,"BULLISH HTF context inside 104505.00-108341.10 range. HH/HL structure with price in discount below 105537.73.","Sell-side sweep below 105116.00",BOS,"FVG: Bullish FVG between 105012.73 and 105065.81",105050.00,105082.19,4.00,"SL"
2025-10-17,03:54:59,LONDON,BUY,"BULLISH HTF context inside 104505.00-108341.10 range. HH/HL structure with price in discount below 105537.73.","Sell-side sweep below 105116.00",BOS,"FVG: Bullish FVG between 105012.73 and 105065.81",105050.00,105082.19,4.00,"SL"
2025-10-17,04:14:59,LONDON,BUY,"BULLISH HTF context inside 104505.00-107195.97 range. HH/HL structure with price in discount below 105251.99.","Sell-side sweep below 105116.00",BOS,"FVG: Bullish FVG between 105012.73 and 105065.81",105050.00,105082.19,4.00,"TP"
2025-10-17,04:19:59,LONDON,BUY,"BULLISH HTF context inside 104505.00-107195.97 range. HH/HL structure with price in discount below 105251.99.","Sell-side sweep below 105116.00",BOS,"FVG: Bullish FVG between 105012.73 and 105065.81",105050.00,105082.19,4.00,"TP"
2025-10-17,04:24:59,LONDON,BUY,"BULLISH HTF context inside 104505.00-107195.97 range. HH/HL structure with price in discount below 105251.99.","Sell-side sweep below 105116.00",BOS,"FVG: Bullish FVG between 105012.73 and 105065.81",105050.00,105082.19,4.00,"SL"
2025-10-17,04:44:59,LONDON,BUY,"BULLISH HTF context inside 104505.00-106570.46 range. HH/HL structure with price in discount below 105110.57.","Sell-side sweep below 105116.00",BOS,"FVG: Bullish FVG between 105012.73 and 105065.81",105050.00,105082.19,4.00,"SL"
2025-10-17,04:49:59,LONDON,BUY,"BULLISH HTF context inside 104505.00-106570.46 range. HH/HL structure with price in discount below 105110.57.","Sell-side sweep below 105116.00",BOS,"FVG: Bullish FVG between 105012.73 and 105065.81",105050.00,105082.19,4.00,"SL"
2025-10-17,04:54:59,LONDON,BUY,"BULLISH HTF context inside 104505.00-106570.46 range. HH/HL structure with price in discount below 105110.57.","Sell-side sweep below 105116.00",BOS,"FVG: Bullish FVG between 105012.73 and 105065.81",105050.00,105082.19,4.00,"SL"
2025-10-18,03:59:59,LONDON,BUY,"BULLISH HTF context inside 106605.93-107499.00 range. HH/HL structure with price in discount below 106982.93.","Sell-side sweep below 106607.20",BOS,"FVG: Bullish FVG between 106707.26 and 106711.91",106605.93,107124.20,4.00,"TP"
2025-10-18,09:29:59,NEW_YORK,BUY,"BULLISH HTF context inside 106739.33-107300.00 range. HH/HL structure with price in discount below 106920.74.","Sell-side sweep below 106750.00",BOS,"FVG: Bullish FVG between 106820.00 and 106872.30",106739.33,107273.43,4.00,"SL"
2025-10-19,06:29:59,LONDON,SELL,"BEARISH HTF context inside 106103.36-108260.50 range. LH/LL structure with price in premium above 107630.04.","Buy-side sweep above 108184.19",BOS,"FVG: Bearish FVG between 107600.01 and 107676.40",108260.50,106103.36,2.47,"SL"
2025-10-20,02:14:59,LONDON,SELL,"BEARISH HTF context inside 110200.00-111377.34 range. LH/LL structure with price in premium above 111047.08.","Buy-side sweep above 111368.06",CHOCH,"FVG: Bearish FVG between 111298.55 and 111300.00",111377.34,110987.01,4.00,"SL"
2025-10-20,03:44:59,LONDON,BUY,"BULLISH HTF context inside 110943.40-111679.25 range. HH/HL structure with price in discount below 111311.32.","Sell-side sweep below 111050.78",BOS,"FVG: Bullish FVG between 111118.99 and 111139.99",111037.71,111496.61,4.00,"SL"
2025-10-20,04:59:59,LONDON,BUY,"BULLISH HTF context inside 110691.96-111679.25 range. HH/HL structure with price in discount below 111185.61.","Sell-side sweep below 110697.81",CHOCH,"FVG: Bullish FVG between 111134.40 and 111150.14",110691.96,112042.89,2.00,"SL"
2025-10-20,06:29:59,LONDON,BUY,"BULLISH HTF context inside 110608.27-111200.00 range. HH/HL structure with price in discount below 110853.14.","Sell-side sweep below 110612.00",BOS,"FVG: Bullish FVG between 110696.00 and 110706.05",110608.27,111072.04,4.00,"TP"
2025-10-22,04:29:59,LONDON,SELL,"BEARISH HTF context inside 107610.00-108358.76 range. LH/LL structure with price in premium above 108111.69.","Buy-side sweep above 108351.57",BOS,"FVG: Bearish FVG between 108142.06 and 108200.00",108358.76,107610.00,2.99,"TP"
2025-10-22,06:44:59,LONDON,SELL,"BEARISH HTF context inside 106708.18-108274.43 range. LH/LL structure with price in premium above 107458.08.","Buy-side sweep above 108100.00",BOS,"FVG: Bearish FVG between 107873.99 and 107940.30",108207.99,106708.18,3.99,"SL"
2025-10-23,03:44:59,LONDON,SELL,"BEARISH HTF context inside 109068.78-110298.29 range. LH/LL structure with price in premium above 109555.79.","Buy-side sweep above 109875.82",BOS,"FVG: Bearish FVG between 109661.01 and 109680.06",109903.83,108737.36,4.00,"TP"
2025-10-23,09:34:59,NEW_YORK,SELL,"BEARISH HTF context inside 108685.72-109650.01 range. LH/LL structure with price in premium above 109186.57.","Buy-side sweep above 109608.48",BOS,"FVG: Bearish FVG between 109416.78 and 109462.00",109655.89,108685.72,3.48,"SL"
2025-10-23,11:44:59,NEW_YORK,SELL,"BEARISH HTF context inside 108723.13-110111.00 range. LH/LL structure with price in premium above 109805.82.","Buy-side sweep above 110109.99",BOS,"FVG: Bearish FVG between 109871.96 and 109979.80",110111.00,109185.40,4.00,"SL"
2025-10-24,03:14:59,LONDON,BUY,"BULLISH HTF context inside 110768.23-111522.30 range. HH/HL structure with price in discount below 111145.26.","Sell-side sweep below 111085.05",BOS,"FVG: Bullish FVG between 111027.85 and 111038.40",111083.25,111233.63,4.00,"SL"
2025-10-24,03:19:59,LONDON,BUY,"BULLISH HTF context inside 110768.23-111522.30 range. HH/HL structure with price in discount below 111145.26.","Sell-side sweep below 111085.05",BOS,"FVG: Bullish FVG between 111027.85 and 111038.40",111083.25,111233.63,4.00,"SL"
2025-10-24,03:24:59,LONDON,BUY,"BULLISH HTF context inside 110768.23-111522.30 range. HH/HL structure with price in discount below 111145.26.","Sell-side sweep below 111085.05",BOS,"FVG: Bullish FVG between 111027.85 and 111038.40",111083.25,111233.63,4.00,"SL"
2025-10-24,06:54:59,LONDON,SELL,"BEARISH HTF context inside 110600.00-111482.99 range. LH/LL structure with price in premium above 110939.55.","Buy-side sweep above 111369.68",BOS,"FVG: Bearish FVG between 111233.84 and 111240.18",111399.99,110600.00,3.91,"SL"
2025-10-24,09:59:59,NEW_YORK,BUY,"BULLISH HTF context inside 109700.01-112104.98 range. HH/HL structure with price in discount below 110505.85.","Sell-side sweep below 109861.79",BOS,"FVG: Bullish FVG between 110034.01 and 110043.42",109700.01,111393.54,4.00,"TP"
2025-10-25,02:44:59,LONDON,BUY,"BULLISH HTF context inside 111093.99-111820.87 range. HH/HL structure with price in discount below 111540.94.","Sell-side sweep below 111095.39",BOS,"FVG: Bullish FVG between 111375.82 and 111386.78",111093.99,111955.92,2.00,"TP"
2025-10-26,05:39:59,LONDON,SELL,"BEARISH HTF context inside 111708.63-112779.81 range. LH/LL structure with price in premium above 112244.22.","Buy-side sweep above 112740.00",CHOCH,"FVG: Bearish FVG between 112559.36 and 112632.08",112779.81,111859.36,4.00,"SL"
2025-10-27,04:29:59,LONDON,BUY,"BULLISH HTF context inside 114814.69-116400.00 range. HH/HL structure with price in discount below 115211.08.","Sell-side sweep below 114829.17",BOS,"FVG: Bullish FVG between 114950.00 and 114981.57",114814.69,115570.17,4.00,"SL"
2025-10-27,09:29:59,NEW_YORK,SELL,"BEARISH HTF context inside 114503.99-115437.48 range. LH/LL structure with price in premium above 114959.99.","Buy-side sweep above 115525.00",BOS,"FVG: Bearish FVG between 115137.27 and 115158.73",115528.74,114386.52,2.00,"SL"
2025-10-29,11:44:59,NEW_YORK,BUY,"BULLISH HTF context inside 110960.00-112729.31 range. HH/HL structure with price in discount below 111719.74.","Sell-side sweep below 111477.70",BOS,"FVG: Bullish FVG between 111055.91 and 111165.37",111401.50,112274.08,4.00,"SL"
2025-10-29,11:49:59,NEW_YORK,BUY,"BULLISH HTF context inside 110960.00-112729.31 range. HH/HL structure with price in discount below 111719.74.","Sell-side sweep below 111477.70",BOS,"FVG: Bullish FVG between 111055.91 and 111165.37",111401.50,112274.08,4.00,"SL"
2025-10-29,11:54:59,NEW_YORK,BUY,"BULLISH HTF context inside 110960.00-112729.31 range. HH/HL structure with price in discount below 111719.74.","Sell-side sweep below 111477.70",BOS,"FVG: Bullish FVG between 111055.91 and 111165.37",111401.50,112274.08,4.00,"SL"
2025-10-31,02:29:59,LONDON,BUY,"BULLISH HTF context inside 109440.74-110084.03 range. HH/HL structure with price in discount below 109704.73.","Sell-side sweep below 109598.52",BOS,"FVG: Bullish FVG between 109628.91 and 109665.99",109561.23,109992.33,4.00,"SL"
2025-10-31,02:39:59,LONDON,BUY,"BULLISH HTF context inside 109440.74-110084.03 range. HH/HL structure with price in discount below 109704.73.","Sell-side sweep below 109598.52",BOS,"FVG: Bullish FVG between 109628.91 and 109665.99",109561.23,109992.33,4.00,"SL"
2025-10-31,04:49:59,LONDON,SELL,"BEARISH HTF context inside 109214.13-110450.00 range. LH/LL structure with price in premium above 109836.23.","Buy-side sweep above 110100.00",BOS,"FVG: Bearish FVG between 110146.00 and 110230.00",110353.00,109528.00,4.00,"TP"
2025-11-01,09:29:59,NEW_YORK,SELL,"BEARISH HTF context inside 109702.66-110200.00 range. LH/LL structure with price in premium above 109878.81.","Buy-side sweep above 110268.86",BOS,"FVG: Bearish FVG between 109877.44 and 109927.77",110270.90,109166.02,2.00,"SL"
2025-11-02,09:54:59,NEW_YORK,BUY,"BULLISH HTF context inside 110173.84-111172.00 range. HH/HL structure with price in discount below 110420.73.","Sell-side sweep below 110205.00",CHOCH,"FVG: Bullish FVG between 110306.00 and 110314.58",110202.16,110742.81,4.00,"SL"
2025-11-02,11:44:59,NEW_YORK,BUY,"BULLISH HTF context inside 109735.59-110566.86 range. HH/HL structure with price in discount below 110151.23.","Sell-side sweep below 109814.91",BOS,"FVG: Bullish FVG between 110065.40 and 110079.60",109735.59,110746.32,2.00,"SL"
2025-11-03,02:59:59,LONDON,SELL,"BEARISH HTF context inside 107006.05-108007.46 range. LH/LL structure with price in premium above 107419.25.","Buy-side sweep above 107763.37",BOS,"FVG: Bearish FVG between 107574.67 and 107611.80",107832.45,107006.05,2.45,"TP"
2025-11-03,09:14:59,NEW_YORK,BUY,"BULLISH HTF context inside 107574.77-108333.00 range. HH/HL structure with price in discount below 107953.89.","Sell-side sweep below 107600.14",BOS,"FVG: Bullish FVG between 107713.99 and 107767.63",107574.77,108333.00,3.57,"SL"
2025-11-05,02:29:59,LONDON,SELL,"BEARISH HTF context inside 101500.00-102370.00 range. LH/LL structure with price in premium above 101820.00.","Buy-side sweep above 102139.36",BOS,"FVG: Bearish FVG between 101973.44 and 101989.75",102140.00,101500.00,3.04,"SL"
2025-11-05,04:29:59,LONDON,SELL,"BEARISH HTF context inside 101176.47-102203.48 range. LH/LL structure with price in premium above 101689.98.","Buy-side sweep above 102140.00",CHOCH,"FVG: Bearish FVG between 102000.02 and 102046.02",102152.58,101504.78,4.00,"TP"
2025-11-05,06:14:59,LONDON,BUY,"BULLISH HTF context inside 101210.01-102203.48 range. HH/HL structure with price in discount below 101652.64.","Sell-side sweep below 101620.00",BOS,"FVG: Bullish FVG between 101525.94 and 101594.20",101573.00,101611.79,4.00,"SL"
2025-11-05,06:19:59,LONDON,BUY,"BULLISH HTF context inside 101210.01-102203.48 range. HH/HL structure with price in discount below 101652.64.","Sell-side sweep below 101620.00",BOS,"FVG: Bullish FVG between 101525.94 and 101594.20",101573.00,101611.79,4.00,"SL"
2025-11-05,06:24:59,LONDON,BUY,"BULLISH HTF context inside 101210.01-102203.48 range. HH/HL structure with price in discount below 101652.64.","Sell-side sweep below 101620.00",BOS,"FVG: Bullish FVG between 101525.94 and 101594.20",101573.00,101611.79,4.00,"TP"
2025-11-05,06:29:59,LONDON,BUY,"BULLISH HTF context inside 101285.09-102203.48 range. HH/HL structure with price in discount below 101640.19.","Sell-side sweep below 101620.00",BOS,"FVG: Bullish FVG between 101525.94 and 101594.20",101573.00,101611.79,4.00,"TP"
2025-11-05,06:34:59,LONDON,BUY,"BULLISH HTF context inside 101285.09-102203.48 range. HH/HL structure with price in discount below 101640.19.","Sell-side sweep below 101620.00",BOS,"FVG: Bullish FVG between 101525.94 and 101594.20",101573.00,101611.79,4.00,"TP"
2025-11-05,11:29:59,NEW_YORK,SELL,"BEARISH HTF context inside 102169.06-103836.00 range. LH/LL structure with price in premium above 103332.76.","Buy-side sweep above 103798.37",CHOCH,"FVG: Bearish FVG between 103570.84 and 103722.26",103836.00,102888.75,4.00,"SL"
2025-11-06,11:14:59,NEW_YORK,BUY,"BULLISH HTF context inside 101630.00-103579.68 range. HH/HL structure with price in discount below 102281.47.","Sell-side sweep below 101729.65",BOS,"FVG: Bullish FVG between 101922.19 and 101980.55",101630.00,103236.85,4.00,"SL"
2025-11-06,11:24:59,NEW_YORK,BUY,"BULLISH HTF context inside 101630.00-103579.68 range. HH/HL structure with price in discount below 102281.47.","Sell-side sweep below 101729.65",BOS,"FVG: Bullish FVG between 101922.19 and 101980.55",101630.00,103236.85,4.00,"SL"
2025-11-07,09:14:59,NEW_YORK,SELL,"BEARISH HTF context inside 99260.86-100625.00 range. LH/LL structure with price in premium above 99920.29.","Buy-side sweep above 100555.21",BOS,"FVG: Bearish FVG between 100393.57 and 100415.85",100579.72,99704.67,4.00,"TP"
2025-11-08,03:29:59,LONDON,SELL,"BEARISH HTF context inside 101902.64-102545.06 range. LH/LL structure with price in premium above 102223.85.","Buy-side sweep above 102461.44",CHOCH,"FVG: Bearish FVG between 102426.86 and 102456.88",102545.06,102029.11,4.00,"SL"
2025-11-08,03:39:59,LONDON,SELL,"BEARISH HTF context inside 101902.64-102545.06 range. LH/LL structure with price in premium above 102223.85.","Buy-side sweep above 102461.44",CHOCH,"FVG: Bearish FVG between 102426.86 and 102456.88",102545.06,102029.11,4.00,"SL"
2025-11-08,11:59:59,NEW_YORK,SELL,"BEARISH HTF context inside 101500.00-102083.67 range. LH/LL structure with price in premium above 101731.83.","Buy-side sweep above 101954.00",BOS,"FVG: Bearish FVG between 101793.00 and 101856.12",101963.66,101454.00,2.66,"SL"
2025-11-10,04:14:59,LONDON,BUY,"BULLISH HTF context inside 105900.00-106554.00 range. HH/HL structure with price in discount below 106227.00.","Sell-side sweep below 105903.64",BOS,"FVG: Bullish FVG between 105947.76 and 105996.00",105900.00,106259.40,4.00,"SL"
2025-11-10,04:19:59,LONDON,BUY,"BULLISH HTF context inside 105900.00-106554.00 range. HH/HL structure with price in discount below 106227.00.","Sell-side sweep below 105903.64",BOS,"FVG: Bullish FVG between 105947.76 and 105996.00",105900.00,106259.40,4.00,"TP"
2025-11-10,05:14:59,LONDON,SELL,"BEARISH HTF context inside 105836.00-106599.47 range. LH/LL structure with price in premium above 106217.74.","Buy-side sweep above 106435.45",BOS,"FVG: Bearish FVG between 106421.97 and 106424.51",106460.00,106276.20,4.00,"TP"
2025-11-10,05:19:59,LONDON,SELL,"BEARISH HTF context inside 105836.00-106599.47 range. LH/LL structure with price in premium above 106217.74.","Buy-side sweep above 106435.45",BOS,"FVG: Bearish FVG between 106421.97 and 106424.51",106460.00,106276.20,4.00,"TP"
2025-11-11,06:59:59,LONDON,SELL,"BEARISH HTF context inside 104909.74-105497.99 range. LH/LL structure with price in premium above 105263.14.","Buy-side sweep above 105388.89",BOS,"FVG: Bearish FVG between 105473.62 and 105477.27",105396.14,105158.22,4.00,"SL"
2025-11-12,11:44:59,NEW_YORK,BUY,"BULLISH HTF context inside 101300.00-104970.39 range. HH/HL structure with price in discount below 102605.92.","Sell-side sweep below 101867.32",BOS,"FVG: Bullish FVG between 101603.49 and 101638.03",101750.52,102139.80,4.00,"SL"
2025-11-12,11:49:59,NEW_YORK,BUY,"BULLISH HTF context inside 101300.00-104970.39 range. HH/HL structure with price in discount below 102605.92.","Sell-side sweep below 101867.32",BOS,"FVG: Bullish FVG between 101603.49 and 101638.03",101750.52,102139.80,4.00,"SL"
2025-11-12,11:54:59,NEW_YORK,BUY,"BULLISH HTF context inside 101300.00-104970.39 range. HH/HL structure with price in discount below 102605.92.","Sell-side sweep below 101867.32",BOS,"FVG: Bullish FVG between 101603.49 and 101638.03",101750.52,102139.80,4.00,"SL"
2025-11-13,09:04:59,NEW_YORK,BUY,"BULLISH HTF context inside 102150.00-103274.93 range. HH/HL structure with price in discount below 102712.46.","Sell-side sweep below 102256.94",CHOCH,"FVG: Bullish FVG between 102285.00 and 102423.98",102150.00,103172.45,4.00,"SL"
2025-11-13,11:49:59,NEW_YORK,BUY,"BULLISH HTF context inside 100715.31-103483.83 range. HH/HL structure with price in discount below 101857.64.","Sell-side sweep below 100800.00",CHOCH,"FVG: Bullish FVG between 101114.39 and 101178.59",100715.31,102871.21,4.00,"SL"
2025-11-14,02:44:59,LONDON,SELL,"BEARISH HTF context inside 95933.75-97859.57 range. LH/LL structure with price in premium above 96838.30.","Buy-side sweep above 97616.50",CHOCH,"FVG: Bearish FVG between 97233.18 and 97374.91",97742.85,95933.75,3.12,"TP"
2025-11-15,03:44:59,LONDON,BUY,"BULLISH HTF context inside 95803.47-96570.65 range. HH/HL structure with price in discount below 96088.07.","Sell-side sweep below 95874.79",BOS,"FVG: Bullish FVG between 95938.15 and 95969.13",95803.47,96554.32,4.00,"SL"
2025-11-15,04:29:59,LONDON,BUY,"BULLISH HTF context inside 95642.61-96372.68 range. HH/HL structure with price in discount below 95996.57.","Sell-side sweep below 95874.79",BOS,"FVG: Bullish FVG between 95938.15 and 95969.13",95803.47,96554.32,4.00,"SL"
2025-11-15,05:39:59,LONDON,BUY,"BULLISH HTF context inside 95642.61-96350.52 range. HH/HL structure with price in discount below 95900.49.","Sell-side sweep below 95874.79",BOS,"FVG: Bullish FVG between 95700.00 and 95754.96",95803.47,96031.44,4.00,"TP"
2025-11-15,06:44:59,LONDON,BUY,"BULLISH HTF context inside 95689.38-96150.99 range. HH/HL structure with price in discount below 95886.24.","Sell-side sweep below 95874.79",BOS,"FVG: Bullish FVG between 95740.04 and 95786.33",95803.47,95924.33,4.00,"SL"
2025-11-15,06:49:59,LONDON,BUY,"BULLISH HTF context inside 95689.38-96150.99 range. HH/HL structure with price in discount below 95886.24.","Sell-side sweep below 95874.79",BOS,"FVG: Bullish FVG between 95740.04 and 95786.33",95803.47,95924.33,4.00,"SL"
2025-11-15,06:54:59,LONDON,BUY,"BULLISH HTF context inside 95689.38-96150.99 range. HH/HL structure with price in discount below 95886.24.","Sell-side sweep below 95874.79",BOS,"FVG: Bullish FVG between 95740.04 and 95786.33",95803.47,95924.33,4.00,"SL"
2025-11-15,09:29:59,NEW_YORK,SELL,"BEARISH HTF context inside 95565.17-96471.22 range. LH/LL structure with price in premium above 96099.68.","Buy-side sweep above 96414.47",BOS,"FVG: Bearish FVG between 96233.87 and 96247.01",96420.86,95565.17,3.74,"SL"
2025-11-16,03:14:59,LONDON,BUY,"BULLISH HTF context inside 95721.68-96238.00 range. HH/HL structure with price in discount below 95979.84.","Sell-side sweep below 95754.00",BOS,"FVG: Bullish FVG between 96059.96 and 96077.79",95721.68,96763.27,2.00,"SL"
2025-11-16,09:14:59,NEW_YORK,BUY,"BULLISH HTF context inside 95117.48-95900.00 range. HH/HL structure with price in discount below 95502.67.","Sell-side sweep below 95205.74",CHOCH,"FVG: Bullish FVG between 95457.40 and 95482.44",95117.48,96482.02,2.87,"SL"
2025-11-17,03:14:59,LONDON,SELL,"BEARISH HTF context inside 94900.00-95880.00 range. LH/LL structure with price in premium above 95403.63.","Buy-side sweep above 95868.10",BOS,"FVG: Bearish FVG between 95743.83 and 95837.37",95880.00,95433.00,4.00,"SL"
2025-11-17,06:29:59,LONDON,BUY,"BULLISH HTF context inside 95309.68-95891.59 range. HH/HL structure with price in discount below 95718.35.","Sell-side sweep below 95566.23",BOS,"FVG: Bullish FVG between 95639.76 and 95663.39",95545.10,96026.71,3.52,"SL"
2025-11-18,05:29:59,LONDON,SELL,"BEARISH HTF context inside 90509.79-91597.61 range. LH/LL structure with price in premium above 91243.77.","Buy-side sweep above 91546.30",BOS,"FVG: Bearish FVG between 91383.56 and 91452.01",91597.61,90698.49,4.00,"SL"
2025-11-18,11:59:59,NEW_YORK,SELL,"BEARISH HTF context inside 91010.00-93836.01 range. LH/LL structure with price in premium above 93118.01.","Buy-side sweep above 93817.45",BOS,"FVG: Bearish FVG between 93672.69 and 93677.64",93836.01,93031.79,4.00,"TP"
2025-11-19,04:49:59,LONDON,BUY,"BULLISH HTF context inside 91072.41-92028.92 range. HH/HL structure with price in discount below 91511.21.","Sell-side sweep below 91160.00",BOS,"FVG: Bullish FVG between 91233.59 and 91249.76",91072.41,91918.73,4.00,"SL"
2025-11-20,02:14:59,LONDON,BUY,"BULLISH HTF context inside 91687.07-93160.00 range. HH/HL structure with price in discount below 92269.07.","Sell-side sweep below 91782.89",BOS,"FVG: Bullish FVG between 91882.83 and 91901.18",91687.07,92711.74,4.00,"SL"
2025-11-20,05:19:59,LONDON,BUY,"BULLISH HTF context inside 91440.55-92445.80 range. HH/HL structure with price in discount below 91883.03.","Sell-side sweep below 91926.82",BOS,"FVG: Bullish FVG between 91892.23 and 91894.91",91840.01,92107.81,4.00,"SL"
2025-11-20,05:24:59,LONDON,BUY,"BULLISH HTF context inside 91440.55-92445.80 range. HH/HL structure with price in discount below 91883.03.","Sell-side sweep below 91926.82",BOS,"FVG: Bullish FVG between 91892.23 and 91894.91",91840.01,92107.81,4.00,"SL"
2025-11-20,05:59:59,LONDON,SELL,"BEARISH HTF context inside 91440.55-92336.03 range. LH/LL structure with price in premium above 91751.69.","Buy-side sweep above 92050.01",BOS,"FVG: Bearish FVG between 91830.28 and 91839.98",92062.83,91379.73,2.00,"SL"
2025-11-21,04:14:59,LONDON,BUY,"BULLISH HTF context inside 82000.00-85769.86 range. HH/HL structure with price in discount below 84115.48.","Sell-side sweep below 83533.37",BOS,"FVG: Bullish FVG between 83735.62 and 83747.28",83521.07,84622.97,4.00,"SL"
2025-11-21,06:44:59,LONDON,SELL,"BEARISH HTF context inside 81648.00-83767.20 range. LH/LL structure with price in premium above 82494.36.","Buy-side sweep above 82867.53",CHOCH,"FVG: Bearish FVG between 82643.17 and 82710.71",82911.99,81736.74,4.00,"TP"
2025-11-22,02:14:59,LONDON,SELL,"BEARISH HTF context inside 83868.53-84799.54 range. LH/LL structure with price in premium above 84368.26.","Buy-side sweep above 84791.02",BOS,"FVG: Bearish FVG between 84477.51 and 84493.56",84799.54,83832.91,2.08,"TP"
2025-11-22,06:59:59,LONDON,SELL,"BEARISH HTF context inside 83500.00-84343.91 range. LH/LL structure with price in premium above 83921.96.","Buy-side sweep above 84294.77",BOS,"FVG: Bearish FVG between 84246.78 and 84250.95",84343.91,83868.68,4.00,"TP"
2025-11-23,03:04:59,LONDON,BUY,"BULLISH HTF context inside 85420.00-86500.00 range. HH/HL structure with price in discount below 85802.82.","Sell-side sweep below 85700.95",BOS,"FVG: Bullish FVG between 85756.69 and 85774.99",85602.32,86419.92,4.00,"TP"
2025-11-23,11:29:59,NEW_YORK,SELL,"BEARISH HTF context inside 86451.90-87500.00 range. LH/LL structure with price in premium above 86975.95.","Buy-side sweep above 87321.05",BOS,"FVG: Bearish FVG between 87209.33 and 87215.98",87500.00,86318.98,3.11,"SL"
2025-11-24,02:29:59,LONDON,BUY,"BULLISH HTF context inside 86675.82-87837.57 range. HH/HL structure with price in discount below 87109.03.","Sell-side sweep below 86860.00",BOS,"FVG: Bullish FVG between 86865.34 and 86893.22",86819.98,87116.48,4.00,"SL"
2025-11-24,02:34:59,LONDON,BUY,"BULLISH HTF context inside 86675.82-87837.57 range. HH/HL structure with price in discount below 87109.03.","Sell-side sweep below 86860.00",BOS,"FVG: Bullish FVG between 86865.34 and 86893.22",86819.98,87116.48,4.00,"TP"
2025-11-24,09:59:59,NEW_YORK,SELL,"BEARISH HTF context inside 85272.00-86660.01 range. LH/LL structure with price in premium above 85966.01.","Buy-side sweep above 86573.99",CHOCH,"FVG: Bearish FVG between 86186.22 and 86347.00",86660.01,85272.00,2.53,"SL"
2025-11-25,02:14:59,LONDON,BUY,"BULLISH HTF context inside 87802.09-88519.99 range. HH/HL structure with price in discount below 88024.71.","Sell-side sweep below 87827.64",BOS,"FVG: Bullish FVG between 87900.00 and 87933.46",87802.09,88375.29,4.00,"SL"
2025-11-25,03:29:59,LONDON,BUY,"BULLISH HTF context inside 87300.00-88149.01 range. HH/HL structure with price in discount below 87684.98.","Sell-side sweep below 87635.43",CHOCH,"FVG: Bullish FVG between 87664.35 and 87668.17",87614.88,87871.78,4.00,"SL"
2025-11-25,06:59:59,LONDON,SELL,"BEARISH HTF context inside 86681.43-87535.98 range. LH/LL structure with price in premium above 87339.99.","Buy-side sweep above 87464.14",CHOCH,"FVG: Bearish FVG between 87452.98 and 87454.81",87504.98,87249.55,4.00,"SL"
2025-11-25,11:14:59,NEW_YORK,SELL,"BEARISH HTF context inside 86116.00-87300.00 range. LH/LL structure with price in premium above 86708.00.","Buy-side sweep above 87171.67",BOS,"FVG: Bearish FVG between 86943.51 and 87027.56",87300.00,86116.00,2.77,"SL"
2025-11-26,02:44:59,LONDON,SELL,"BEARISH HTF context inside 87409.78-87889.00 range. LH/LL structure with price in premium above 87677.00.","Buy-side sweep above 87860.96",BOS,"FVG: Bearish FVG between 87821.99 and 87841.37",87889.00,87602.40,4.00,"SL"
2025-11-26,05:14:59,LONDON,BUY,"BULLISH HTF context inside 86746.60-87970.00 range. HH/HL structure with price in discount below 87160.21.","Sell-side sweep below 86768.10",BOS,"FVG: Bullish FVG between 86896.51 and 86915.88",86746.60,87544.58,4.00,"SL"
2025-11-26,11:59:59,NEW_YORK,SELL,"BEARISH HTF context inside 86664.23-87946.00 range. LH/LL structure with price in premium above 87305.11.","Buy-side sweep above 87849.78",BOS,"FVG: Bearish FVG between 87723.88 and 87730.61",87946.00,86852.22,4.00,"SL"
2025-11-30,03:44:59,LONDON,SELL,"BEARISH HTF context inside 90718.47-91438.99 range. LH/LL structure with price in premium above 91169.46.","Buy-side sweep above 91037.72",BOS,"FVG: Bearish FVG between 91176.00 and 91224.00",91039.90,90682.90,3.23,"SL"
2025-11-30,03:49:59,LONDON,SELL,"BEARISH HTF context inside 90718.47-91438.99 range. LH/LL structure with price in premium above 91169.46.","Buy-side sweep above 91037.72",BOS,"FVG: Bearish FVG between 91176.00 and 91224.00",91039.90,90682.90,3.23,"SL"
2025-11-30,03:54:59,LONDON,SELL,"BEARISH HTF context inside 90718.47-91438.99 range. LH/LL structure with price in premium above 91169.46.","Buy-side sweep above 91037.72",BOS,"FVG: Bearish FVG between 91176.00 and 91224.00",91039.90,90706.09,3.09,"SL"
2025-11-30,05:34:59,LONDON,SELL,"BEARISH HTF context inside 90927.16-91632.00 range. LH/LL structure with price in premium above 91385.32.","Buy-side sweep above 91586.24",BOS,"FVG: Bearish FVG between 91244.43 and 91263.87",91632.00,90498.45,2.00,"SL"
2025-12-01,09:29:59,NEW_YORK,SELL,"BEARISH HTF context inside 84756.00-86333.28 range. LH/LL structure with price in premium above 85841.64.","Buy-side sweep above 86315.58",CHOCH,"FVG: Bearish FVG between 86167.74 and 86201.54",86333.28,85590.08,4.00,"SL"
2025-12-01,09:34:59,NEW_YORK,SELL,"BEARISH HTF context inside 84756.00-86333.28 range. LH/LL structure with price in premium above 85841.64.","Buy-side sweep above 86315.58",CHOCH,"FVG: Bearish FVG between 86167.74 and 86201.54",86333.28,85590.08,4.00,"SL"
2025-12-02,04:14:59,LONDON,BUY,"BULLISH HTF context inside 86296.21-87168.00 range. HH/HL structure with price in discount below 86678.55.","Sell-side sweep below 86364.37",CHOCH,"FVG: Bullish FVG between 86471.89 and 86501.89",86296.21,87179.22,3.63,"TP"
2025-12-03,06:49:59,LONDON,BUY,"BULLISH HTF context inside 92666.00-93389.62 range. HH/HL structure with price in discount below 93027.81.","Sell-side sweep below 92729.51",BOS,"FVG: Bullish FVG between 92889.85 and 92910.81",92666.00,93389.62,2.09,"SL"
2025-12-04,02:04:59,LONDON,SELL,"BEARISH HTF context inside 92775.00-93522.12 range. LH/LL structure with price in premium above 93073.06.","Buy-side sweep above 93345.39",BOS,"FVG: Bearish FVG between 92932.00 and 92939.99",93371.12,92065.74,2.00,"SL"
2025-12-04,03:59:59,LONDON,BUY,"BULLISH HTF context inside 92888.00-93600.00 range. HH/HL structure with price in discount below 93322.21.","Sell-side sweep below 93052.00",CHOCH,"FVG: Bullish FVG between 93162.76 and 93181.46",93044.41,93600.00,3.35,"TP"
2025-12-04,04:29:59,LONDON,SELL,"BEARISH HTF context inside 92888.00-93621.31 range. LH/LL structure with price in premium above 93332.86.","Buy-side sweep above 93586.15",BOS,"FVG: Bearish FVG between 93366.90 and 93409.47",93621.31,92888.00,2.15,"TP"
2025-12-04,06:59:59,LONDON,BUY,"BULLISH HTF context inside 92736.90-93605.00 range. HH/HL structure with price in discount below 93067.84.","Sell-side sweep below 92763.25",BOS,"FVG: Bullish FVG between 92911.43 and 92923.78",92736.90,93621.31,3.89,"SL"
2025-12-04,11:14:59,NEW_YORK,SELL,"BEARISH HTF context inside 91801.00-93257.00 range. LH/LL structure with price in premium above 92529.00.","Buy-side sweep above 92821.26",CHOCH,"FVG: Bearish FVG between 92604.65 and 92711.50",92892.34,91801.00,3.66,"SL"
2025-12-05,05:14:59,LONDON,BUY,"BULLISH HTF context inside 90956.25-92333.32 range. HH/HL structure with price in discount below 91554.99.","Sell-side sweep below 91199.07",BOS,"FVG: Bullish FVG between 91360.41 and 91381.74",91193.79,92080.22,4.00,"SL"
2025-12-05,09:14:59,NEW_YORK,BUY,"BULLISH HTF context inside 90215.51-91432.69 range. HH/HL structure with price in discount below 90784.04.","Sell-side sweep below 90303.12",BOS,"FVG: Bullish FVG between 90478.00 and 90488.60",90215.51,91554.46,4.00,"SL"
2025-12-06,02:04:59,LONDON,SELL,"BEARISH HTF context inside 89524.03-89764.19 range. LH/LL structure with price in premium above 89644.11.","Buy-side sweep above 89721.76",BOS,"FVG: Bearish FVG between 89679.96 and 89701.14",89740.00,89521.12,3.43,"TP"
2025-12-06,02:44:59,LONDON,SELL,"BEARISH HTF context inside 89459.19-89764.19 range. LH/LL structure with price in premium above 89611.69.","Buy-side sweep above 89721.76",BOS,"FVG: Bearish FVG between 89575.51 and 89590.00",89740.00,89268.27,2.00,"TP"
2025-12-07,11:29:59,NEW_YORK,SELL,"BEARISH HTF context inside 87719.28-89707.54 range. LH/LL structure with price in premium above 88938.31.","Buy-side sweep above 89070.91",BOS,"FVG: Bearish FVG between 89268.11 and 89378.73",89073.18,88322.46,4.00,"SL"
2025-12-07,11:34:59,NEW_YORK,SELL,"BEARISH HTF context inside 87719.28-89707.54 range. LH/LL structure with price in premium above 88938.31.","Buy-side sweep above 89070.91",BOS,"FVG: Bearish FVG between 89268.11 and 89378.73",89073.18,88322.46,4.00,"SL"
2025-12-07,11:39:59,NEW_YORK,SELL,"BEARISH HTF context inside 87719.28-89707.54 range. LH/LL structure with price in premium above 88938.31.","Buy-side sweep above 89070.91",BOS,"FVG: Bearish FVG between 89268.11 and 89378.73",89073.18,88322.46,4.00,"SL"
2025-12-08,09:04:59,NEW_YORK,BUY,"BULLISH HTF context inside 91301.45-92122.08 range. HH/HL structure with price in discount below 91711.76.","Sell-side sweep below 91530.74",CHOCH,"FVG: Bullish FVG between 91629.99 and 91636.24",91301.45,92296.45,2.00,"SL"
2025-12-09,06:29:59,LONDON,SELL,"BEARISH HTF context inside 89912.48-90498.72 range. LH/LL structure with price in premium above 90136.21.","Buy-side sweep above 90345.39",BOS,"FVG: Bearish FVG between 90224.01 and 90238.31",90359.94,89912.48,2.47,"SL"
2025-12-09,09:14:59,NEW_YORK,BUY,"BULLISH HTF context inside 90174.66-90850.00 range. HH/HL structure with price in discount below 90512.33.","Sell-side sweep below 90202.70",BOS,"FVG: Bullish FVG between 90398.57 and 90402.81",90174.66,90852.75,2.00,"SL"
2025-12-10,02:14:59,LONDON,SELL,"BEARISH HTF context inside 92396.24-92757.58 range. LH/LL structure with price in premium above 92576.91.","Buy-side sweep above 92648.77",BOS,"FVG: Bearish FVG between 92641.95 and 92650.00",92669.79,92550.72,4.00,"TP"
2025-12-10,02:19:59,LONDON,SELL,"BEARISH HTF context inside 92396.24-92757.58 range. LH/LL structure with price in premium above 92576.91.","Buy-side sweep above 92648.77",BOS,"FVG: Bearish FVG between 92641.95 and 92650.00",92669.79,92550.72,4.00,"TP"
2025-12-10,02:24:59,LONDON,SELL,"BEARISH HTF context inside 92396.24-92757.58 range. LH/LL structure with price in premium above 92576.91.","Buy-side sweep above 92648.77",BOS,"FVG: Bearish FVG between 92641.95 and 92650.00",92669.79,92550.72,4.00,"TP"
2025-12-10,02:29:59,LONDON,SELL,"BEARISH HTF context inside 92396.24-92757.58 range. LH/LL structure with price in premium above 92576.91.","Buy-side sweep above 92648.77",BOS,"FVG: Bearish FVG between 92641.95 and 92650.00",92669.79,92550.72,4.00,"TP"
2025-12-10,02:34:59,LONDON,SELL,"BEARISH HTF context inside 92396.24-92757.58 range. LH/LL structure with price in premium above 92576.91.","Buy-side sweep above 92648.77",BOS,"FVG: Bearish FVG between 92641.95 and 92650.00",92669.79,92550.72,4.00,"SL"
2025-12-12,02:04:59,LONDON,SELL,"BEARISH HTF context inside 92078.91-92720.00 range. LH/LL structure with price in premium above 92426.59.","Buy-side sweep above 92698.17",BOS,"FVG: Bearish FVG between 92530.46 and 92541.80",92720.00,92078.91,2.49,"TP"
2025-12-12,11:34:59,NEW_YORK,BUY,"BULLISH HTF context inside 89650.01-92660.74 range. HH/HL structure with price in discount below 91047.98.","Sell-side sweep below 89651.19",BOS,"FVG: Bullish FVG between 89916.01 and 89935.70",89650.01,91029.24,4.00,"SL"
2025-12-14,09:14:59,NEW_YORK,BUY,"BULLISH HTF context inside 88723.23-89666.00 range. HH/HL structure with price in discount below 89377.00.","Sell-side sweep below 89146.00",BOS,"FVG: Bullish FVG between 89388.00 and 89395.32",89088.00,89998.98,2.00,"SL"
2025-12-16,03:19:59,LONDON,BUY,"BULLISH HTF context inside 85850.00-86615.38 range. HH/HL structure with price in discount below 86232.69.","Sell-side sweep below 85896.35",BOS,"FVG: Bullish FVG between 85909.68 and 85976.53",85850.00,86315.52,4.00,"TP"
2025-12-16,06:14:59,LONDON,SELL,"BEARISH HTF context inside 86201.10-87327.70 range. LH/LL structure with price in premium above 86790.17.","Buy-side sweep above 87314.28",CHOCH,"FVG: Bearish FVG between 87061.01 and 87077.09",87327.70,86034.45,4.00,"SL"
2025-12-17,04:59:59,LONDON,BUY,"BULLISH HTF context inside 86262.85-87169.37 range. HH/HL structure with price in discount below 86439.12.","Sell-side sweep below 86282.66",CHOCH,"FVG: Bullish FVG between 86530.94 and 86558.39",86262.85,87169.37,2.22,"SL"
2025-12-17,05:04:59,LONDON,BUY,"BULLISH HTF context inside 86262.85-87169.37 range. HH/HL structure with price in discount below 86439.12.","Sell-side sweep below 86282.66",CHOCH,"FVG: Bullish FVG between 86530.94 and 86558.39",86262.85,87169.37,2.22,"TP"
2025-12-18,06:04:59,LONDON,SELL,"BEARISH HTF context inside 86803.06-87453.63 range. LH/LL structure with price in premium above 87233.20.","Buy-side sweep above 87439.80",BOS,"FVG: Bearish FVG between 87308.58 and 87312.00",87453.63,86736.93,4.00,"SL"
2025-12-18,11:49:59,NEW_YORK,BUY,"BULLISH HTF context inside 87727.25-89362.79 range. HH/HL structure with price in discount below 88607.39.","Sell-side sweep below 88004.68",CHOCH,"FVG: Bullish FVG between 88037.10 and 88067.64",87852.00,88853.85,4.00,"SL"
2025-12-19,04:29:59,LONDON,SELL,"BEARISH HTF context inside 87473.53-88449.06 range. LH/LL structure with price in premium above 87982.30.","Buy-side sweep above 88220.87",CHOCH,"FVG: Bearish FVG between 88112.90 and 88124.04",88222.00,87704.35,4.00,"SL"
2025-12-20,11:44:59,NEW_YORK,SELL,"BEARISH HTF context inside 88025.96-88287.84 range. LH/LL structure with price in premium above 88134.26.","Buy-side sweep above 88273.18",BOS,"FVG: Bearish FVG between 88152.58 and 88197.23",88287.84,87949.04,2.00,"SL"
2025-12-21,05:14:59,LONDON,SELL,"BEARISH HTF context inside 88063.42-89081.77 range. LH/LL structure with price in premium above 88771.84.","Buy-side sweep above 88940.00",BOS,"FVG: Bearish FVG between 88926.38 and 88936.90",88961.43,88812.48,4.00,"TP"
2025-12-21,05:19:59,LONDON,SELL,"BEARISH HTF context inside 88063.42-89081.77 range. LH/LL structure with price in premium above 88771.84.","Buy-side sweep above 88940.00",BOS,"FVG: Bearish FVG between 88926.38 and 88936.90",88961.43,88812.48,4.00,"TP"
2025-12-21,05:24:59,LONDON,SELL,"BEARISH HTF context inside 88063.42-89081.77 range. LH/LL structure with price in premium above 88771.84.","Buy-side sweep above 88940.00",BOS,"FVG: Bearish FVG between 88926.38 and 88936.90",88961.43,88812.48,4.00,"TP"
2025-12-21,06:29:59,LONDON,BUY,"BULLISH HTF context inside 88500.30-89081.77 range. HH/HL structure with price in discount below 88780.23.","Sell-side sweep below 88589.14",BOS,"FVG: Bullish FVG between 88637.63 and 88638.90",88580.52,88869.24,4.00,"TP"
2025-12-23,05:49:59,LONDON,SELL,"BEARISH HTF context inside 87297.69-87699.99 range. LH/LL structure with price in premium above 87473.85.","Buy-side sweep above 87698.82",BOS,"FVG: Bearish FVG between 87554.23 and 87563.81",87699.99,87277.08,2.00,"SL"
2025-12-24,05:09:59,LONDON,BUY,"BULLISH HTF context inside 86724.05-87184.57 range. HH/HL structure with price in discount below 86850.74.","Sell-side sweep below 86800.00",BOS,"FVG: Bullish FVG between 86853.90 and 86886.58",86799.99,87151.24,4.00,"TP"
2025-12-25,03:59:59,LONDON,BUY,"BULLISH HTF context inside 87351.96-87888.00 range. HH/HL structure with price in discount below 87619.98.","Sell-side sweep below 87758.07",BOS,"FVG: Bullish FVG between 87497.90 and 87514.82",87755.94,88005.52,2.00,"SL"
2025-12-25,04:04:59,LONDON,BUY,"BULLISH HTF context inside 87351.96-87888.00 range. HH/HL structure with price in discount below 87619.98.","Sell-side sweep below 87758.07",BOS,"FVG: Bullish FVG between 87497.90 and 87514.82",87755.94,88005.52,2.00,"SL"
2025-12-25,04:09:59,LONDON,BUY,"BULLISH HTF context inside 87351.96-87888.00 range. HH/HL structure with price in discount below 87619.98.","Sell-side sweep below 87758.07",BOS,"FVG: Bullish FVG between 87497.90 and 87514.82",87755.94,88005.52,2.00,"SL"
2025-12-25,06:59:59,LONDON,SELL,"BEARISH HTF context inside 87251.60-87591.32 range. LH/LL structure with price in premium above 87421.46.","Buy-side sweep above 87566.00",BOS,"FVG: Bearish FVG between 87515.47 and 87521.87",87591.32,87251.60,3.68,"SL"
2025-12-25,11:14:59,NEW_YORK,SELL,"BEARISH HTF context inside 87550.00-88592.74 range. LH/LL structure with price in premium above 88109.54.","Buy-side sweep above 88539.00",BOS,"FVG: Bearish FVG between 88379.85 and 88400.41",88592.74,87579.69,4.00,"TP"
2025-12-27,03:14:59,LONDON,BUY,"BULLISH HTF context inside 87417.93-87702.00 range. HH/HL structure with price in discount below 87571.00.","Sell-side sweep below 87447.15",BOS,"FVG: Bullish FVG between 87580.60 and 87592.67",87439.28,87881.35,2.00,"SL"
2025-12-29,03:44:59,LONDON,SELL,"BEARISH HTF context inside 89480.66-90121.21 range. LH/LL structure with price in premium above 89652.83.","Buy-side sweep above 90188.08",BOS,"FVG: Bearish FVG between 89792.39 and 89845.05",90221.00,89014.16,2.00,"TP"
2025-12-29,05:14:59,LONDON,BUY,"BULLISH HTF context inside 87770.10-89825.01 range. HH/HL structure with price in discount below 88781.54.","Sell-side sweep below 87925.00",BOS,"FVG: Bullish FVG between 87983.40 and 88143.63",87770.10,89237.17,4.00,"SL"
2025-12-30,09:14:59,NEW_YORK,SELL,"BEARISH HTF context inside 87735.09-88136.00 range. LH/LL structure with price in premium above 87985.01.","Buy-side sweep above 88130.83",CHOCH,"FVG: Bearish FVG between 88048.02 and 88055.46",88136.00,87735.09,3.76,"SL"
2025-12-30,09:24:59,NEW_YORK,SELL,"BEARISH HTF context inside 87735.09-88136.00 range. LH/LL structure with price in premium above 87985.01.","Buy-side sweep above 88130.83",CHOCH,"FVG: Bearish FVG between 88048.02 and 88055.46",88136.00,87735.09,3.76,"SL"
2026-01-01,09:29:59,NEW_YORK,BUY,"BULLISH HTF context inside 87827.49-88036.42 range. HH/HL structure with price in discount below 87923.65.","Sell-side sweep below 87848.00",CHOCH,"FVG: Bullish FVG between 87874.80 and 87882.41",87827.49,88036.42,3.09,"SL"
2026-01-01,09:34:59,NEW_YORK,BUY,"BULLISH HTF context inside 87827.49-88036.42 range. HH/HL structure with price in discount below 87923.65.","Sell-side sweep below 87848.00",CHOCH,"FVG: Bullish FVG between 87874.80 and 87882.41",87827.49,88036.42,3.09,"TP"
2026-01-02,02:29:59,LONDON,SELL,"BEARISH HTF context inside 88576.56-89079.44 range. LH/LL structure with price in premium above 88897.44.","Buy-side sweep above 89032.01",BOS,"FVG: Bearish FVG between 89028.86 and 89046.13",89079.44,88869.71,4.00,"TP"
2026-01-02,02:34:59,LONDON,SELL,"BEARISH HTF context inside 88576.56-89079.44 range. LH/LL structure with price in premium above 88897.44.","Buy-side sweep above 89032.01",BOS,"FVG: Bearish FVG between 89028.86 and 89046.13",89079.44,88869.71,4.00,"TP"
2026-01-02,02:39:59,LONDON,SELL,"BEARISH HTF context inside 88576.56-89079.44 range. LH/LL structure with price in premium above 88897.44.","Buy-side sweep above 89032.01",BOS,"FVG: Bearish FVG between 89028.86 and 89046.13",89079.44,88869.71,4.00,"TP"
2026-01-02,11:14:59,NEW_YORK,SELL,"BEARISH HTF context inside 88459.96-90135.00 range. LH/LL structure with price in premium above 89467.50.","Buy-side sweep above 89799.00",BOS,"FVG: Bearish FVG between 89719.31 and 89750.00",90135.00,88459.96,3.18,"SL"
2026-01-02,11:59:59,NEW_YORK,SELL,"BEARISH HTF context inside 88459.96-90800.00 range. LH/LL structure with price in premium above 89933.00.","Buy-side sweep above 90119.88",BOS,"FVG: Bearish FVG between 90500.01 and 90514.00",90179.12,89195.46,4.00,"SL"
2026-01-04,02:44:59,LONDON,BUY,"BULLISH HTF context inside 91211.25-91810.00 range. HH/HL structure with price in discount below 91498.49.","Sell-side sweep below 91237.54",BOS,"FVG: Bullish FVG between 91342.39 and 91356.74",91211.25,91810.00,3.33,"SL"
2026-01-04,04:29:59,LONDON,BUY,"BULLISH HTF context inside 91174.46-91546.31 range. HH/HL structure with price in discount below 91355.23.","Sell-side sweep below 91237.54",BOS,"FVG: Bullish FVG between 91342.39 and 91356.74",91211.25,91785.72,3.15,"SL"
2026-01-06,03:14:59,LONDON,BUY,"BULLISH HTF context inside 93137.98-93951.07 range. HH/HL structure with price in discount below 93544.52.","Sell-side sweep below 93178.52",BOS,"FVG: Bullish FVG between 93244.72 and 93255.07",93137.98,93697.56,4.00,"TP"
2026-01-06,11:14:59,NEW_YORK,BUY,"BULLISH HTF context inside 93352.01-94444.44 range. HH/HL structure with price in discount below 93831.61.","Sell-side sweep below 93360.00",BOS,"FVG: Bullish FVG between 93475.29 and 93518.00",93352.01,94075.18,4.00,"SL"
2026-01-07,11:04:59,NEW_YORK,BUY,"BULLISH HTF context inside 91024.00-92254.17 range. HH/HL structure with price in discount below 91579.55.","Sell-side sweep below 91502.82",CHOCH,"FVG: Bullish FVG between 91583.45 and 91583.51",91353.39,92299.40,3.11,"SL"
2026-01-08,05:09:59,LONDON,BUY,"BULLISH HTF context inside 89956.00-90917.22 range. HH/HL structure with price in discount below 90436.61.","Sell-side sweep below 90017.62",BOS,"FVG: Bullish FVG between 90105.01 and 90125.01",89956.00,90751.05,4.00,"SL"
2026-01-08,06:29:59,LONDON,SELL,"BEARISH HTF context inside 89777.25-90493.18 range. LH/LL structure with price in premium above 90135.21.","Buy-side sweep above 90280.00",BOS,"FVG: Bearish FVG between 90152.64 and 90185.53",90295.89,89777.25,3.09,"TP"
2026-01-08,11:29:59,NEW_YORK,SELL,"BEARISH HTF context inside 89311.00-90917.71 range. LH/LL structure with price in premium above 90369.30.","Buy-side sweep above 90847.52",BOS,"FVG: Bearish FVG between 90707.96 and 90744.42",90917.71,89960.11,4.00,"SL"
2026-01-09,11:54:59,NEW_YORK,SELL,"BEARISH HTF context inside 89850.00-92082.55 range. LH/LL structure with price in premium above 91124.17.","Buy-side sweep above 92000.00",CHOCH,"FVG: Bearish FVG between 91687.00 and 91742.48",92082.55,90243.50,4.00,"TP"
2026-01-11,11:14:59,NEW_YORK,BUY,"BULLISH HTF context inside 90708.25-91191.50 range. HH/HL structure with price in discount below 90949.88.","Sell-side sweep below 90822.06",BOS,"FVG: Bullish FVG between 91010.00 and 91032.53",90821.47,91420.85,2.00,"SL"
2026-01-14,04:29:59,LONDON,BUY,"BULLISH HTF context inside 94850.00-95315.15 range. HH/HL structure with price in discount below 95092.58.","Sell-side sweep below 94870.07",CHOCH,"FVG: Bullish FVG between 94922.68 and 94978.95",94870.01,95274.04,4.00,"TP"
2026-01-14,06:44:59,LONDON,BUY,"BULLISH HTF context inside 94821.55-95291.98 range. HH/HL structure with price in discount below 95056.76.","Sell-side sweep below 94929.55",CHOCH,"FVG: Bullish FVG between 94934.27 and 94958.15",94888.00,95179.05,4.00,"SL"
2026-01-14,06:49:59,LONDON,BUY,"BULLISH HTF context inside 94821.55-95291.98 range. HH/HL structure with price in discount below 95056.76.","Sell-side sweep below 94929.55",CHOCH,"FVG: Bullish FVG between 94934.27 and 94958.15",94888.00,95179.05,4.00,"SL"
2026-01-14,06:54:59,LONDON,BUY,"BULLISH HTF context inside 94821.55-95291.98 range. HH/HL structure with price in discount below 95056.76.","Sell-side sweep below 94929.55",CHOCH,"FVG: Bullish FVG between 94934.27 and 94958.15",94888.00,95179.05,4.00,"SL"
2026-01-15,03:14:59,LONDON,SELL,"BEARISH HTF context inside 96172.41-96760.15 range. LH/LL structure with price in premium above 96466.28.","Buy-side sweep above 96570.74",BOS,"FVG: Bearish FVG between 96362.38 and 96367.12",96588.45,95917.35,2.00,"SL"
2026-01-16,11:34:59,NEW_YORK,BUY,"BULLISH HTF context inside 94293.46-95809.08 range. HH/HL structure with price in discount below 94978.30.","Sell-side sweep below 94400.00",BOS,"FVG: Bullish FVG between 94525.71 and 94554.39",94293.46,95526.41,4.00,"TP"
2026-01-17,09:59:59,NEW_YORK,SELL,"BEARISH HTF context inside 95198.81-95544.07 range. LH/LL structure with price in premium above 95435.87.","Buy-side sweep above 95540.61",CHOCH,"FVG: Bearish FVG between 95386.00 and 95404.00",95544.07,95096.86,2.00,"SL"
2026-01-17,11:04:59,NEW_YORK,SELL,"BEARISH HTF context inside 95327.67-95639.45 range. LH/LL structure with price in premium above 95526.15.","Buy-side sweep above 95540.61",CHOCH,"FVG: Bearish FVG between 95386.00 and 95404.00",95544.07,95096.86,2.00,"SL"
2026-01-17,11:09:59,NEW_YORK,SELL,"BEARISH HTF context inside 95327.67-95639.45 range. LH/LL structure with price in premium above 95526.15.","Buy-side sweep above 95540.61",CHOCH,"FVG: Bearish FVG between 95386.00 and 95404.00",95544.07,95096.86,2.00,"TP"
2026-01-19,04:19:59,LONDON,SELL,"BEARISH HTF context inside 92545.59-93368.44 range. LH/LL structure with price in premium above 93019.21.","Buy-side sweep above 93285.21",BOS,"FVG: Bearish FVG between 93066.74 and 93089.30",93368.44,92385.07,2.39,"SL"
2026-01-20,02:14:59,LONDON,BUY,"BULLISH HTF context inside 90771.78-92266.16 range. HH/HL structure with price in discount below 91288.41.","Sell-side sweep below 90858.52",BOS,"FVG: Bullish FVG between 90876.19 and 90879.00",90828.11,91075.54,4.00,"TP"
2026-01-21,03:24:59,LONDON,BUY,"BULLISH HTF context inside 89093.28-90120.44 range. HH/HL structure with price in discount below 89430.29.","Sell-side sweep below 89118.18",BOS,"FVG: Bullish FVG between 89294.22 and 89299.99",89093.28,90112.41,4.00,"SL"
2026-01-21,06:14:59,LONDON,SELL,"BEARISH HTF context inside 89035.30-89493.46 range. LH/LL structure with price in premium above 89255.64.","Buy-side sweep above 89472.55",BOS,"FVG: Bearish FVG between 89275.05 and 89325.04",89493.46,88913.21,2.00,"TP"
2026-01-23,02:44:59,LONDON,SELL,"BEARISH HTF context inside 89400.00-89886.17 range. LH/LL structure with price in premium above 89579.44.","Buy-side sweep above 90076.92",BOS,"FVG: Bearish FVG between 89668.56 and 89708.98",90088.94,88888.43,2.00,"TP"
2026-01-23,11:34:59,NEW_YORK,SELL,"BEARISH HTF context inside 88578.36-89969.16 range. LH/LL structure with price in premium above 89273.76.","Buy-side sweep above 89939.71",CHOCH,"FVG: Bearish FVG between 89790.17 and 89805.43",89969.16,89112.36,4.00,"SL"
2026-01-25,03:14:59,LONDON,BUY,"BULLISH HTF context inside 88635.84-88999.52 range. HH/HL structure with price in discount below 88751.08.","Sell-side sweep below 88699.98",BOS,"FVG: Bullish FVG between 88731.38 and 88742.00",88649.98,89060.02,3.73,"SL"
2026-01-25,04:14:59,LONDON,BUY,"BULLISH HTF context inside 88136.00-88866.33 range. HH/HL structure with price in discount below 88448.00.","Sell-side sweep below 88178.13",BOS,"FVG: Bullish FVG between 88293.98 and 88310.93",88136.00,88968.27,4.00,"TP"
2026-01-25,11:44:59,NEW_YORK,BUY,"BULLISH HTF context inside 87560.00-88928.46 range. HH/HL structure with price in discount below 88154.62.","Sell-side sweep below 87657.81",BOS,"FVG: Bullish FVG between 87850.01 and 87906.58",87560.00,88971.89,3.44,"SL"
2026-01-26,05:14:59,LONDON,BUY,"BULLISH HTF context inside 87600.69-88424.45 range. HH/HL structure with price in discount below 87846.57.","Sell-side sweep below 87673.30",BOS,"FVG: Bullish FVG between 87782.07 and 87816.77",87673.00,88305.10,4.00,"SL"
2026-01-26,11:59:59,NEW_YORK,BUY,"BULLISH HTF context inside 87206.00-88860.00 range. HH/HL structure with price in discount below 87852.25.","Sell-side sweep below 87281.50",CHOCH,"FVG: Bullish FVG between 87434.97 and 87445.03",87206.00,88376.00,4.00,"SL"
2026-01-29,03:44:59,LONDON,BUY,"BULLISH HTF context inside 87907.80-88500.00 range. HH/HL structure with price in discount below 88203.90.","Sell-side sweep below 87950.00",BOS,"FVG: Bullish FVG between 88106.19 and 88108.04",87907.80,88505.74,2.00,"SL"
2026-01-29,05:29:59,LONDON,BUY,"BULLISH HTF context inside 87850.00-88500.00 range. HH/HL structure with price in discount below 88005.00.","Sell-side sweep below 87950.00",BOS,"FVG: Bullish FVG between 88034.72 and 88052.45",87907.80,88500.00,3.36,"SL"
2026-01-29,09:04:59,NEW_YORK,SELL,"BEARISH HTF context inside 87750.01-88182.29 range. LH/LL structure with price in premium above 88009.11.","Buy-side sweep above 88061.39",BOS,"FVG: Bearish FVG between 87973.18 and 88033.91",88108.01,87750.01,2.43,"TP"
2026-01-30,03:34:59,LONDON,BUY,"BULLISH HTF context inside 82056.08-83100.00 range. HH/HL structure with price in discount below 82791.64.","Sell-side sweep below 82161.12",BOS,"FVG: Bullish FVG between 82383.39 and 82400.00",82056.08,83329.36,2.79,"TP"
2026-02-01,03:14:59,LONDON,SELL,"BEARISH HTF context inside 77967.69-78824.10 range. LH/LL structure with price in premium above 78345.85.","Buy-side sweep above 78600.00",BOS,"FVG: Bearish FVG between 78468.59 and 78488.68",78724.01,77967.69,2.08,"SL"
2026-02-02,05:29:59,LONDON,SELL,"BEARISH HTF context inside 76628.28-77876.69 range. LH/LL structure with price in premium above 77264.35.","Buy-side sweep above 77815.00",BOS,"FVG: Bearish FVG between 77731.24 and 77745.63",77876.69,77185.41,4.00,"SL"
2026-02-02,06:59:59,LONDON,SELL,"BEARISH HTF context inside 77215.74-77970.62 range. LH/LL structure with price in premium above 77710.86.","Buy-side sweep above 77815.00",BOS,"FVG: Bearish FVG between 77731.24 and 77745.63",77876.69,77185.41,4.00,"SL"
2026-02-02,11:14:59,NEW_YORK,SELL,"BEARISH HTF context inside 77564.62-79360.00 range. LH/LL structure with price in premium above 78462.31.","Buy-side sweep above 79086.00",BOS,"FVG: Bearish FVG between 79036.00 and 79100.00",79360.00,77900.00,4.00,"TP"
2026-02-03,06:14:59,LONDON,BUY,"BULLISH HTF context inside 77950.00-79010.00 range. HH/HL structure with price in discount below 78315.00.","Sell-side sweep below 78072.00",BOS,"FVG: Bullish FVG between 78097.82 and 78120.00",78070.00,78264.55,4.00,"TP"
2026-02-03,06:19:59,LONDON,BUY,"BULLISH HTF context inside 77950.00-79010.00 range. HH/HL structure with price in discount below 78315.00.","Sell-side sweep below 78072.00",BOS,"FVG: Bullish FVG between 78097.82 and 78120.00",78070.00,78264.55,4.00,"SL"
2026-02-03,06:59:59,LONDON,BUY,"BULLISH HTF context inside 77950.00-78560.00 range. HH/HL structure with price in discount below 78235.07.","Sell-side sweep below 78018.00",BOS,"FVG: Bullish FVG between 78074.41 and 78099.99",78004.08,78419.68,4.00,"SL"
2026-02-04,02:14:59,LONDON,SELL,"BEARISH HTF context inside 76105.30-76780.00 range. LH/LL structure with price in premium above 76442.65.","Buy-side sweep above 76746.00",BOS,"FVG: Bearish FVG between 76660.00 and 76686.41",76780.00,76246.03,4.00,"TP"
2026-02-04,04:59:59,LONDON,BUY,"BULLISH HTF context inside 75967.10-76617.73 range. HH/HL structure with price in discount below 76287.40.","Sell-side sweep below 76082.91",BOS,"FVG: Bullish FVG between 76139.73 and 76159.90",76068.69,76474.32,4.00,"SL"
2026-02-06,02:49:59,LONDON,BUY,"BULLISH HTF context inside 64654.11-66826.50 range. HH/HL structure with price in discount below 65422.39.","Sell-side sweep below 64666.00",BOS,"FVG: Bullish FVG between 64835.62 and 64837.39",64654.11,65566.09,4.00,"SL"
2026-02-06,03:29:59,LONDON,BUY,"BULLISH HTF context inside 64500.00-66800.00 range. HH/HL structure with price in discount below 65021.89.","Sell-side sweep below 64654.11",CHOCH,"FVG: Bullish FVG between 64739.12 and 64865.95",64500.00,66012.68,4.00,"TP"
2026-02-06,05:14:59,LONDON,SELL,"BEARISH HTF context inside 64500.00-66163.00 range. LH/LL structure with price in premium above 65438.00.","Buy-side sweep above 66092.72",BOS,"FVG: Bearish FVG between 65784.85 and 65800.51",66163.00,64500.00,3.49,"SL"
2026-02-07,05:14:59,LONDON,BUY,"BULLISH HTF context inside 67300.00-68790.00 range. HH/HL structure with price in discount below 68324.57.","Sell-side sweep below 67956.48",CHOCH,"FVG: Bullish FVG between 67977.74 and 68006.88",67885.86,68418.11,4.00,"SL"
2026-02-07,05:19:59,LONDON,BUY,"BULLISH HTF context inside 67300.00-68790.00 range. HH/HL structure with price in discount below 68324.57.","Sell-side sweep below 67956.48",CHOCH,"FVG: Bullish FVG between 67977.74 and 68006.88",67885.86,68418.11,4.00,"SL"
2026-02-07,11:09:59,NEW_YORK,SELL,"BEARISH HTF context inside 68358.75-69762.46 range. LH/LL structure with price in premium above 69060.61.","Buy-side sweep above 69202.75",BOS,"FVG: Bearish FVG between 69476.36 and 69482.74",69227.98,68473.27,4.00,"SL"
2026-02-08,05:14:59,LONDON,BUY,"BULLISH HTF context inside 69512.13-70796.99 range. HH/HL structure with price in discount below 70407.54.","Sell-side sweep below 70129.42",BOS,"FVG: Bullish FVG between 70184.79 and 70206.87",70094.71,70600.31,4.00,"SL"
2026-02-08,11:19:59,NEW_YORK,BUY,"BULLISH HTF context inside 70786.18-71554.95 range. HH/HL structure with price in discount below 71126.05.","Sell-side sweep below 70710.57",BOS,"FVG: Bullish FVG between 71193.39 and 71195.74",70707.39,72168.92,2.00,"SL"
2026-02-09,02:04:59,LONDON,BUY,"BULLISH HTF context inside 70311.70-71251.26 range. HH/HL structure with price in discount below 70711.85.","Sell-side sweep below 70388.51",BOS,"FVG: Bullish FVG between 70500.01 and 70548.13",70311.70,71373.55,4.00,"SL"
2026-02-09,06:19:59,LONDON,BUY,"BULLISH HTF context inside 68420.58-70116.00 range. HH/HL structure with price in discount below 69115.27.","Sell-side sweep below 68571.00",BOS,"FVG: Bullish FVG between 68747.81 and 68784.00",68420.58,70147.20,4.00,"SL"
2026-02-10,04:44:59,LONDON,SELL,"BEARISH HTF context inside 68725.81-69417.70 range. LH/LL structure with price in premium above 69071.76.","Buy-side sweep above 69406.80",CHOCH,"FVG: Bearish FVG between 69280.54 and 69287.15",69417.70,68748.43,4.00,"TP"
2026-02-11,02:14:59,LONDON,BUY,"BULLISH HTF context inside 66557.99-67810.00 range. HH/HL structure with price in discount below 67070.73.","Sell-side sweep below 66692.49",CHOCH,"FVG: Bullish FVG between 66691.04 and 66729.39",66557.99,67319.11,4.00,"SL"
2026-02-12,02:04:59,LONDON,SELL,"BEARISH HTF context inside 66670.45-67355.93 range. LH/LL structure with price in premium above 67108.97.","Buy-side sweep above 67171.99",BOS,"FVG: Bearish FVG between 67130.00 and 67134.14",67249.99,66670.45,3.91,"SL"
2026-02-12,02:59:59,LONDON,SELL,"BEARISH HTF context inside 66862.01-67355.93 range. LH/LL structure with price in premium above 67142.82.","Buy-side sweep above 67171.99",BOS,"FVG: Bearish FVG between 67130.00 and 67134.14",67249.99,66670.45,3.91,"SL"
2026-02-12,03:04:59,LONDON,SELL,"BEARISH HTF context inside 66862.01-67355.93 range. LH/LL structure with price in premium above 67142.82.","Buy-side sweep above 67171.99",BOS,"FVG: Bearish FVG between 67130.00 and 67134.14",67249.99,66670.45,3.91,"SL"
2026-02-13,03:14:59,LONDON,BUY,"BULLISH HTF context inside 66002.98-66568.47 range. HH/HL structure with price in discount below 66309.34.","Sell-side sweep below 66070.38",CHOCH,"FVG: Bullish FVG between 66144.63 and 66197.49",66050.21,66568.47,3.29,"TP"
2026-02-13,11:09:59,NEW_YORK,SELL,"BEARISH HTF context inside 66867.47-69309.80 range. LH/LL structure with price in premium above 68088.64.","Buy-side sweep above 69237.59",BOS,"FVG: Bearish FVG between 68963.87 and 68989.32",69309.80,67643.77,4.00,"SL"
2026-02-14,04:39:59,LONDON,SELL,"BEARISH HTF context inside 68884.56-69900.00 range. LH/LL structure with price in premium above 69559.36.","Buy-side sweep above 69870.99",BOS,"FVG: Bearish FVG between 69805.74 and 69810.74",69900.00,69441.20,4.00,"SL"
2026-02-14,09:04:59,NEW_YORK,BUY,"BULLISH HTF context inside 69064.60-70560.01 range. HH/HL structure with price in discount below 69717.05.","Sell-side sweep below 69398.22",BOS,"FVG: Bullish FVG between 69448.00 and 69457.53",69064.60,70560.01,2.85,"TP"
2026-02-15,06:29:59,LONDON,SELL,"BEARISH HTF context inside 70208.16-70668.00 range. LH/LL structure with price in premium above 70375.65.","Buy-side sweep above 70523.94",BOS,"FVG: Bearish FVG between 70440.00 and 70459.00",70543.14,70182.31,2.85,"TP"
2026-02-16,02:44:59,LONDON,SELL,"BEARISH HTF context inside 68228.76-68672.59 range. LH/LL structure with price in premium above 68450.67.","Buy-side sweep above 68630.89",CHOCH,"FVG: Bearish FVG between 68575.14 and 68616.00",68672.59,68287.49,4.00,"SL"
2026-02-16,05:14:59,LONDON,SELL,"BEARISH HTF context inside 68499.11-69060.77 range. LH/LL structure with price in premium above 68871.13.","Buy-side sweep above 69056.90",BOS,"FVG: Bearish FVG between 69016.64 and 69036.59",69060.77,68889.99,4.00,"TP"
2026-02-17,04:59:59,LONDON,BUY,"BULLISH HTF context inside 67992.03-68480.00 range. HH/HL structure with price in discount below 68169.01.","Sell-side sweep below 68145.81",BOS,"FVG: Bullish FVG between 68211.05 and 68234.22",68130.78,68519.99,3.24,"SL"
2026-02-17,05:04:59,LONDON,BUY,"BULLISH HTF context inside 67992.03-68480.00 range. HH/HL structure with price in discount below 68169.01.","Sell-side sweep below 68145.81",BOS,"FVG: Bullish FVG between 68211.05 and 68234.22",68130.78,68480.00,2.80,"SL"
2026-02-17,05:09:59,LONDON,BUY,"BULLISH HTF context inside 67992.03-68480.00 range. HH/HL structure with price in discount below 68169.01.","Sell-side sweep below 68145.81",BOS,"FVG: Bullish FVG between 68211.05 and 68234.22",68130.78,68480.00,2.80,"SL"
2026-02-17,05:14:59,LONDON,BUY,"BULLISH HTF context inside 67992.03-68479.17 range. HH/HL structure with price in discount below 68150.20.","Sell-side sweep below 68145.81",BOS,"FVG: Bullish FVG between 68211.05 and 68234.22",68130.78,68480.00,2.80,"SL"
2026-02-17,06:29:59,LONDON,BUY,"BULLISH HTF context inside 67690.00-68308.37 range. HH/HL structure with price in discount below 67942.23.","Sell-side sweep below 67704.96",BOS,"FVG: Bullish FVG between 67798.32 and 67827.31",67690.00,68304.08,4.00,"TP"
2026-02-18,04:29:59,LONDON,BUY,"BULLISH HTF context inside 67702.70-68476.22 range. HH/HL structure with price in discount below 68243.17.","Sell-side sweep below 68029.58",BOS,"FVG: Bullish FVG between 68050.00 and 68050.73",68010.11,68211.38,4.00,"TP"
2026-02-18,09:14:59,NEW_YORK,BUY,"BULLISH HTF context inside 67051.81-67689.76 range. HH/HL structure with price in discount below 67325.76.","Sell-side sweep below 67100.00",BOS,"FVG: Bullish FVG between 67241.43 and 67246.40",67051.81,67844.24,3.12,"SL"
2026-02-19,05:29:59,LONDON,BUY,"BULLISH HTF context inside 66741.77-67206.45 range. HH/HL structure with price in discount below 66966.80.","Sell-side sweep below 66751.88",CHOCH,"FVG: Bullish FVG between 66855.26 and 66855.28",66741.77,67309.27,4.00,"SL"
2026-02-19,09:14:59,NEW_YORK,BUY,"BULLISH HTF context inside 65763.00-66719.99 range. HH/HL structure with price in discount below 66198.52.","Sell-side sweep below 65784.16",BOS,"FVG: Bullish FVG between 65918.72 and 65929.81",65763.00,66569.32,4.00,"SL"
2026-02-19,11:29:59,NEW_YORK,BUY,"BULLISH HTF context inside 65631.83-66755.39 range. HH/HL structure with price in discount below 66327.32.","Sell-side sweep below 65966.00",BOS,"FVG: Bullish FVG between 66153.74 and 66184.72",65899.25,66755.39,2.17,"TP"
2026-02-20,03:29:59,LONDON,BUY,"BULLISH HTF context inside 67660.12-67990.00 range. HH/HL structure with price in discount below 67878.70.","Sell-side sweep below 67771.76",BOS,"FVG: Bullish FVG between 67858.09 and 67865.49",67767.40,68050.57,2.00,"SL"
2026-02-20,03:34:59,LONDON,BUY,"BULLISH HTF context inside 67660.12-67990.00 range. HH/HL structure with price in discount below 67878.70.","Sell-side sweep below 67771.76",BOS,"FVG: Bullish FVG between 67858.09 and 67865.49",67767.40,68050.57,2.00,"SL"
2026-02-20,03:39:59,LONDON,BUY,"BULLISH HTF context inside 67660.12-67990.00 range. HH/HL structure with price in discount below 67878.70.","Sell-side sweep below 67771.76",BOS,"FVG: Bullish FVG between 67858.09 and 67865.49",67767.40,68050.57,2.00,"TP"
2026-02-21,05:29:59,LONDON,SELL,"BEARISH HTF context inside 67807.30-68314.54 range. LH/LL structure with price in premium above 68146.72.","Buy-side sweep above 68272.85",CHOCH,"FVG: Bearish FVG between 68214.00 and 68230.00",68314.54,67851.84,4.00,"SL"
2026-02-22,02:04:59,LONDON,SELL,"BEARISH HTF context inside 67881.81-68178.79 range. LH/LL structure with price in premium above 68032.12.","Buy-side sweep above 68072.03",BOS,"FVG: Bearish FVG between 67964.00 and 67999.92",68086.00,67773.88,2.00,"SL"
2026-02-23,03:14:59,LONDON,SELL,"BEARISH HTF context inside 64956.36-66015.22 range. LH/LL structure with price in premium above 65770.01.","Buy-side sweep above 65833.33",BOS,"FVG: Bearish FVG between 65956.98 and 65958.94",65899.99,65726.08,4.00,"TP"
2026-02-23,05:29:59,LONDON,SELL,"BEARISH HTF context inside 65565.78-66600.00 range. LH/LL structure with price in premium above 66136.38.","Buy-side sweep above 66335.85",CHOCH,"FVG: Bearish FVG between 66325.24 and 66364.58",66419.70,66045.75,4.00,"SL"
2026-02-23,11:49:59,NEW_YORK,BUY,"BULLISH HTF context inside 65178.83-66252.37 range. HH/HL structure with price in discount below 65714.42.","Sell-side sweep below 65372.91",CHOCH,"FVG: Bullish FVG between 65357.96 and 65358.40",65295.28,65609.78,4.00,"SL"
2026-02-24,02:09:59,LONDON,SELL,"BEARISH HTF context inside 62700.80-63551.58 range. LH/LL structure with price in premium above 63025.16.","Buy-side sweep above 63321.15",BOS,"FVG: Bearish FVG between 63260.01 and 63280.43",63322.28,63061.98,4.00,"SL"
2026-02-24,02:59:59,LONDON,SELL,"BEARISH HTF context inside 62728.04-63367.20 range. LH/LL structure with price in premium above 63116.81.","Buy-side sweep above 63321.15",BOS,"FVG: Bearish FVG between 63260.01 and 63280.43",63322.28,63061.98,4.00,"TP"
2026-02-24,03:09:59,LONDON,SELL,"BEARISH HTF context inside 62728.04-63367.20 range. LH/LL structure with price in premium above 63116.81.","Buy-side sweep above 63321.15",BOS,"FVG: Bearish FVG between 63260.01 and 63280.43",63322.28,63061.98,4.00,"SL"
2026-02-24,04:19:59,LONDON,SELL,"BEARISH HTF context inside 62866.42-63444.66 range. LH/LL structure with price in premium above 63224.99.","Buy-side sweep above 63425.94",BOS,"FVG: Bearish FVG between 63236.63 and 63255.99",63444.66,62849.61,2.00,"TP"
2026-02-26,03:29:59,LONDON,BUY,"BULLISH HTF context inside 67792.00-68522.00 range. HH/HL structure with price in discount below 68041.09.","Sell-side sweep below 67817.87",BOS,"FVG: Bullish FVG between 67925.00 and 67946.38",67792.00,68510.45,4.00,"TP"
2026-02-26,05:49:59,LONDON,SELL,"BEARISH HTF context inside 67904.00-68722.64 range. LH/LL structure with price in premium above 68436.32.","Buy-side sweep above 68650.00",BOS,"FVG: Bearish FVG between 68424.62 and 68441.18",68722.64,67792.00,2.21,"TP"
2026-02-27,02:04:59,LONDON,BUY,"BULLISH HTF context inside 67525.46-67974.59 range. HH/HL structure with price in discount below 67701.96.","Sell-side sweep below 67584.59",CHOCH,"FVG: Bullish FVG between 67563.38 and 67605.14",67525.46,67819.46,4.00,"SL"
2026-02-28,09:29:59,NEW_YORK,SELL,"BEARISH HTF context inside 63827.20-65360.51 range. LH/LL structure with price in premium above 64624.70.","Buy-side sweep above 65216.97",BOS,"FVG: Bearish FVG between 64877.08 and 64960.18",65360.51,63791.25,2.55,"SL"
2026-03-01,02:14:59,LONDON,BUY,"BULLISH HTF context inside 66749.35-67574.65 range. HH/HL structure with price in discount below 67093.05.","Sell-side sweep below 66873.49",BOS,"FVG: Bullish FVG between 66863.84 and 66911.43",66749.35,67440.77,4.00,"SL"
2026-03-01,04:29:59,LONDON,BUY,"BULLISH HTF context inside 66348.83-67292.30 range. HH/HL structure with price in discount below 66820.57.","Sell-side sweep below 66389.33",BOS,"FVG: Bullish FVG between 66590.03 and 66596.27",66348.83,67292.30,2.86,"SL"
2026-03-02,05:44:59,LONDON,BUY,"BULLISH HTF context inside 65654.54-66720.84 range. HH/HL structure with price in discount below 66400.04.","Sell-side sweep below 66110.93",BOS,"FVG: Bullish FVG between 66230.96 and 66259.70",66079.24,66720.84,2.86,"SL"
2026-03-03,06:29:59,LONDON,SELL,"BEARISH HTF context inside 66340.14-67184.71 range. LH/LL structure with price in premium above 66758.93.","Buy-side sweep above 67030.75",CHOCH,"FVG: Bearish FVG between 66936.01 and 66950.66",67077.39,66407.11,4.00,"SL"
2026-03-04,02:14:59,LONDON,SELL,"BEARISH HTF context inside 67600.45-68678.76 range. LH/LL structure with price in premium above 68363.70.","Buy-side sweep above 68677.38",BOS,"FVG: Bearish FVG between 68511.72 and 68565.24",68678.76,67977.36,4.00,"SL"
2026-03-04,03:34:59,LONDON,SELL,"BEARISH HTF context inside 68048.63-69717.60 range. LH/LL structure with price in premium above 69033.55.","Buy-side sweep above 69668.00",BOS,"FVG: Bearish FVG between 69496.00 and 69649.42",69681.56,69137.31,4.00,"SL"
2026-03-04,05:29:59,LONDON,SELL,"BEARISH HTF context inside 69098.91-71893.00 range. LH/LL structure with price in premium above 71308.63.","Buy-side sweep above 71878.70",CHOCH,"FVG: Bearish FVG between 71518.48 and 71536.00",71893.00,70064.20,4.00,"SL"
2026-03-05,04:59:59,LONDON,SELL,"BEARISH HTF context inside 71757.17-72875.85 range. LH/LL structure with price in premium above 72336.32.","Buy-side sweep above 72775.20",BOS,"FVG: Bearish FVG between 72537.20 and 72555.23",72875.85,71757.17,2.39,"SL"
2026-03-05,11:04:59,NEW_YORK,BUY,"BULLISH HTF context inside 71168.65-72835.73 range. HH/HL structure with price in discount below 72002.19.","Sell-side sweep below 71252.10",BOS,"FVG: Bullish FVG between 71334.72 and 71365.57",71168.65,72076.13,4.00,"SL"
2026-03-06,04:59:59,LONDON,BUY,"BULLISH HTF context inside 70300.00-71192.76 range. HH/HL structure with price in discount below 70663.21.","Sell-side sweep below 70312.63",BOS,"FVG: Bullish FVG between 70495.52 and 70495.59",70300.00,71192.76,3.57,"SL"
2026-03-06,11:54:59,NEW_YORK,BUY,"BULLISH HTF context inside 68176.47-69100.01 range. HH/HL structure with price in discount below 68661.00.","Sell-side sweep below 68274.06",BOS,"FVG: Bullish FVG between 68336.00 and 68355.16",68222.00,68839.90,4.00,"SL"
2026-03-08,04:59:59,LONDON,SELL,"BEARISH HTF context inside 67156.93-67905.03 range. LH/LL structure with price in premium above 67569.00.","Buy-side sweep above 67846.15",BOS,"FVG: Bearish FVG between 67721.25 and 67721.71",67905.03,67114.98,3.30,"SL"
2026-03-08,09:54:59,NEW_YORK,SELL,"BEARISH HTF context inside 66761.68-67485.95 range. LH/LL structure with price in premium above 67094.18.","Buy-side sweep above 67394.54",BOS,"FVG: Bearish FVG between 67269.10 and 67341.84",67426.69,66820.59,4.00,"TP"
2026-03-09,04:14:59,LONDON,SELL,"BEARISH HTF context inside 66853.48-67929.19 range. LH/LL structure with price in premium above 67651.51.","Buy-side sweep above 67852.43",BOS,"FVG: Bearish FVG between 67734.19 and 67765.57",67883.00,67217.40,4.00,"SL"
2026-03-09,04:19:59,LONDON,SELL,"BEARISH HTF context inside 66853.48-67929.19 range. LH/LL structure with price in premium above 67651.51.","Buy-side sweep above 67852.43",BOS,"FVG: Bearish FVG between 67734.19 and 67765.57",67883.00,67217.40,4.00,"SL"
2026-03-09,06:14:59,LONDON,BUY,"BULLISH HTF context inside 67556.72-68460.09 range. HH/HL structure with price in discount below 67998.51.","Sell-side sweep below 67588.00",CHOCH,"FVG: Bullish FVG between 67603.49 and 67607.86",67556.72,67801.50,4.00,"SL"
2026-03-09,06:24:59,LONDON,BUY,"BULLISH HTF context inside 67556.72-68460.09 range. HH/HL structure with price in discount below 67998.51.","Sell-side sweep below 67588.00",CHOCH,"FVG: Bullish FVG between 67603.49 and 67607.86",67556.72,67801.50,4.00,"SL"
2026-03-09,09:19:59,NEW_YORK,SELL,"BEARISH HTF context inside 67585.28-69300.00 range. LH/LL structure with price in premium above 68659.62.","Buy-side sweep above 69269.51",BOS,"FVG: Bearish FVG between 69043.76 and 69129.36",69300.00,68232.80,4.00,"SL"
2026-03-10,04:59:59,LONDON,SELL,"BEARISH HTF context inside 70262.92-71300.00 range. LH/LL structure with price in premium above 70955.71.","Buy-side sweep above 71284.92",CHOCH,"FVG: Bearish FVG between 71172.00 and 71184.34",71300.00,70690.85,4.00,"TP"
2026-03-11,02:34:59,LONDON,SELL,"BEARISH HTF context inside 69420.00-70200.96 range. LH/LL structure with price in premium above 69759.25.","Buy-side sweep above 69996.00",BOS,"FVG: Bearish FVG between 69729.45 and 69752.07",70018.49,69185.30,2.00,"TP"
2026-03-12,11:44:59,NEW_YORK,SELL,"BEARISH HTF context inside 69355.34-70660.69 range. LH/LL structure with price in premium above 70136.20.","Buy-side sweep above 70565.43",CHOCH,"FVG: Bearish FVG between 70270.53 and 70276.59",70569.15,69355.34,3.11,"SL"
2026-03-13,06:19:59,LONDON,SELL,"BEARISH HTF context inside 71589.81-72575.98 range. LH/LL structure with price in premium above 72213.39.","Buy-side sweep above 72550.00",BOS,"FVG: Bearish FVG between 72436.07 and 72483.20",72566.00,72034.18,4.00,"SL"
2026-03-14,02:59:59,LONDON,SELL,"BEARISH HTF context inside 70317.00-71114.00 range. LH/LL structure with price in premium above 70530.44.","Buy-side sweep above 70741.22",BOS,"FVG: Bearish FVG between 70570.39 and 70618.00",70743.88,70294.83,2.00,"SL"
2026-03-15,09:54:59,NEW_YORK,SELL,"BEARISH HTF context inside 71263.99-71757.18 range. LH/LL structure with price in premium above 71444.30.","Buy-side sweep above 71658.44",BOS,"FVG: Bearish FVG between 71649.41 and 71656.40",71736.72,71317.64,4.00,"SL"
2026-03-16,03:14:59,LONDON,BUY,"BULLISH HTF context inside 73385.18-74258.07 range. HH/HL structure with price in discount below 73655.01.","Sell-side sweep below 73432.57",BOS,"FVG: Bullish FVG between 73469.45 and 73492.59",73385.18,73864.38,4.00,"SL"
2026-03-16,03:19:59,LONDON,BUY,"BULLISH HTF context inside 73385.18-74258.07 range. HH/HL structure with price in discount below 73655.01.","Sell-side sweep below 73432.57",BOS,"FVG: Bullish FVG between 73469.45 and 73492.59",73385.18,73864.38,4.00,"SL"
2026-03-16,04:14:59,LONDON,BUY,"BULLISH HTF context inside 72888.80-73924.83 range. HH/HL structure with price in discount below 73332.46.","Sell-side sweep below 72892.04",BOS,"FVG: Bullish FVG between 73089.51 and 73096.63",72888.80,73910.15,4.00,"TP"
2026-03-17,03:09:59,LONDON,SELL,"BEARISH HTF context inside 73784.00-74459.99 range. LH/LL structure with price in premium above 74206.23.","Buy-side sweep above 74272.14",BOS,"FVG: Bearish FVG between 74404.12 and 74406.13",74276.66,73891.27,4.00,"SL"
2026-03-17,03:29:59,LONDON,SELL,"BEARISH HTF context inside 73877.56-74457.72 range. LH/LL structure with price in premium above 74262.06.","Buy-side sweep above 74272.14",BOS,"FVG: Bearish FVG between 74404.12 and 74406.13",74276.66,73891.27,4.00,"SL"
2026-03-17,03:34:59,LONDON,SELL,"BEARISH HTF context inside 73877.56-74457.72 range. LH/LL structure with price in premium above 74262.06.","Buy-side sweep above 74272.14",BOS,"FVG: Bearish FVG between 74404.12 and 74406.13",74276.66,73891.27,4.00,"SL"
2026-03-19,05:24:59,LONDON,SELL,"BEARISH HTF context inside 69900.00-70560.91 range. LH/LL structure with price in premium above 70245.09.","Buy-side sweep above 70539.56",BOS,"FVG: Bearish FVG between 70452.29 and 70459.57",70560.91,70036.01,4.00,"TP"
2026-03-20,02:09:59,LONDON,BUY,"BULLISH HTF context inside 70346.49-70927.85 range. HH/HL structure with price in discount below 70536.54.","Sell-side sweep below 70410.00",BOS,"FVG: Bullish FVG between 70262.64 and 70304.79",70346.49,70534.82,4.00,"SL"
2026-03-20,05:44:59,LONDON,BUY,"BULLISH HTF context inside 70218.68-71294.43 range. HH/HL structure with price in discount below 70539.15.","Sell-side sweep below 70261.99",BOS,"FVG: Bullish FVG between 70491.59 and 70506.54",70218.68,71367.00,3.10,"SL"
2026-03-20,09:54:59,NEW_YORK,BUY,"BULLISH HTF context inside 69589.38-70651.16 range. HH/HL structure with price in discount below 70101.57.","Sell-side sweep below 69631.49",CHOCH,"FVG: Bullish FVG between 69673.25 and 69703.93",69589.38,70085.43,4.00,"SL"
2026-03-22,02:09:59,LONDON,SELL,"BEARISH HTF context inside 69059.87-69408.27 range. LH/LL structure with price in premium above 69161.66.","Buy-side sweep above 69540.00",BOS,"FVG: Bearish FVG between 69168.91 and 69169.99",69588.79,68330.77,2.00,"TP"
2026-03-22,11:14:59,NEW_YORK,BUY,"BULLISH HTF context inside 68542.10-69005.71 range. HH/HL structure with price in discount below 68825.80.","Sell-side sweep below 68548.32",BOS,"FVG: Bullish FVG between 68761.59 and 68769.92",68542.10,69213.07,2.00,"SL"
2026-03-23,02:29:59,LONDON,BUY,"BULLISH HTF context inside 67502.48-68915.40 range. HH/HL structure with price in discount below 68203.45.","Sell-side sweep below 67650.12",CHOCH,"FVG: Bullish FVG between 67618.42 and 67777.99",67502.48,68481.11,4.00,"TP"
2026-03-23,03:44:59,LONDON,SELL,"BEARISH HTF context inside 67502.48-68696.91 range. LH/LL structure with price in premium above 68173.46.","Buy-side sweep above 68678.00",BOS,"FVG: Bearish FVG between 68492.07 and 68500.79",68696.91,67694.51,4.00,"SL"
2026-03-23,05:54:59,LONDON,SELL,"BEARISH HTF context inside 67916.14-68714.28 range. LH/LL structure with price in premium above 68315.21.","Buy-side sweep above 68672.00",BOS,"FVG: Bearish FVG between 68594.76 and 68599.48",68714.28,68128.48,4.00,"SL"
2026-03-23,09:29:59,NEW_YORK,SELL,"BEARISH HTF context inside 69671.95-71817.09 range. LH/LL structure with price in premium above 71208.54.","Buy-side sweep above 71765.00",CHOCH,"FVG: Bearish FVG between 71439.33 and 71487.92",71817.09,70049.77,4.00,"TP"
2026-03-25,02:14:59,LONDON,SELL,"BEARISH HTF context inside 70732.67-71345.00 range. LH/LL structure with price in premium above 71109.36.","Buy-side sweep above 71250.00",BOS,"FVG: Bearish FVG between 71064.85 and 71100.00",71260.00,70703.83,2.13,"SL"
2026-03-25,02:44:59,LONDON,BUY,"BULLISH HTF context inside 70958.73-71270.11 range. HH/HL structure with price in discount below 71114.42.","Sell-side sweep below 70984.67",BOS,"FVG: Bullish FVG between 71111.00 and 71137.43",70958.73,71455.18,2.00,"SL"
2026-03-26,09:29:59,NEW_YORK,SELL,"BEARISH HTF context inside 69218.00-69877.45 range. LH/LL structure with price in premium above 69547.73.","Buy-side sweep above 69832.73",BOS,"FVG: Bearish FVG between 69669.60 and 69729.10",69877.45,69192.96,2.84,"TP"
